2010,6.3,21.81,Kinect Adventures!(X360),X360
2013,8.1,16.27,Grand Theft Auto V(X360),X360
2011,3.4,14.73,Call of Duty: Modern Warfare 3(X360),X360
2010,6.3,14.61,Call of Duty: Black Ops(X360),X360
2012,4.8,13.67,Call of Duty: Black Ops II(X360),X360
2009,6.3,13.47,Call of Duty: Modern Warfare 2(X360),X360
2007,7.8,12.12,Halo 3(X360),X360
2008,7.9,11.01,Grand Theft Auto IV(X360),X360
2013,2.6,10.25,Call of Duty: Ghosts(X360),X360
2010,7.9,9.86,Halo: Reach(X360),X360
2012,7,9.71,Halo 4(X360),X360
2007,8.4,9.31,Call of Duty 4: Modern Warfare(X360),X360
2011,8.4,8.79,The Elder Scrolls V: Skyrim(X360),X360
2004,8.2,8.49,Halo 2(XB),XB
2008,7.6,7.38,Call of Duty: World at War(X360),X360
2011,7.4,7.32,Battlefield 3(X360),X360
2008,7.7,6.75,Gears of War 2(X360),X360
2001,8.6,6.43,Halo: Combat Evolved(XB),XB
2009,7.1,6.34,Halo 3: ODST(X360),X360
2010,9,6.32,Red Dead Redemption(X360),X360
2011,7.8,6.21,Gears of War 3(X360),X360
2010,7.4,6.19,Kinect Sports(X360),X360
2006,8.3,6.09,Gears of War(X360),X360
2007,7.7,5.54,Assassin's Creed(X360),X360
2009,8,5.49,Forza Motorsport 3(X360),X360
2014,7.9,5.48,Grand Theft Auto V(XOne),XOne
2012,6.7,5.29,Assassin's Creed III(X360),X360
2014,5.4,5.27,Call of Duty: Advanced Warfare(XOne),XOne
2009,8.8,5.26,Assassin's Creed II(X360),X360
2012,6.1,5.16,FIFA Soccer 13(X360),X360
2010,6.5,5.1,Fable III(X360),X360
2008,8.5,4.93,Fallout 3(X360),X360
2011,8.7,4.73,Batman: Arkham City(X360),X360
2011,8.2,4.57,Forza Motorsport 4(X360),X360
2007,7.9,4.53,Guitar Hero III: Legends of Rock(X360),X360
2015,6.4,4.48,Halo 5: Guardians(XOne),XOne
2006,8.7,4.38,The Elder Scrolls IV: Oblivion(X360),X360
2014,4.9,4.29,Call of Duty: Advanced Warfare(X360),X360
2008,6.5,4.27,Fable II(X360),X360
2015,6.2,4.22,Fallout 4(XOne),XOne
2013,4.2,4.22,FIFA 14(X360),X360
2011,7.2,4.19,Assassin's Creed: Revelations(X360),X360
2010,8.1,4.05,Fallout: New Vegas(X360),X360
2007,8.3,4.05,Forza Motorsport 2(X360),X360
2009,8.6,3.97,Left 4 Dead 2(X360),X360
2008,7.5,3.76,LEGO Indiana Jones: The Original Adventures(X360),X360
2010,7.5,3.52,FIFA Soccer 11(X360),X360
2008,7.9,3.51,Left 4 Dead(X360),X360
2014,4.1,3.5,Assassin's Creed: Unity(XOne),XOne
2009,7.5,3.5,Resident Evil 5(X360),X360
2010,8.3,3.49,Assassin's Creed: Brotherhood(X360),X360
2009,8.7,3.48,Batman: Arkham Asylum(X360),X360
2013,5.6,3.48,Battlefield 4(X360),X360
2010,8.6,3.47,Battlefield: Bad Company 2(X360),X360
2009,8.2,3.44,Borderlands(X360),X360
2008,7.9,3.38,LEGO Batman: The Videogame(X360),X360
2014,5.5,3.37,Destiny(XOne),XOne
2013,7.9,3.3,Assassin's Creed IV: Black Flag(X360),X360
2015,7.5,3.28,Gears of War: Ultimate Edition(XOne),XOne
2015,4.4,3.25,FIFA 16(XOne),XOne
2014,7.2,3.23,Halo: The Master Chief Collection(XOne),XOne
2010,7.6,3.17,Dance Central(X360),X360
2010,8.9,3.1,Mass Effect 2(X360),X360
2012,8.2,3.05,Borderlands 2(X360),X360
2008,7.4,3.04,Kung Fu Panda(X360),X360
2012,5.8,3.04,Mass Effect 3(X360),X360
2008,8.1,3.03,Saints Row 2(X360),X360
2002,8.5,3.02,Tom Clancy's Splinter Cell(XB),XB
2012,8.6,3,Far Cry 3(X360),X360
2012,7.2,3,NBA 2K13(X360),X360
2014,6.4,2.95,Titanfall(XOne),XOne
2009,7.3,2.94,Street Fighter IV(X360),X360
2013,4.3,2.92,Call of Duty: Ghosts(XOne),XOne
2014,4.2,2.92,FIFA 15(X360),X360
2007,8.7,2.91,Mass Effect(X360),X360
2008,6.8,2.89,Sega Superstars Tennis(X360),X360
2012,5.8,2.86,Madden NFL 13(X360),X360
2002,8.7,2.86,The Elder Scrolls III: Morrowind(XB),XB
2009,6.1,2.83,Madden NFL 10(X360),X360
2007,8.9,2.83,BioShock(X360),X360
2008,6.7,2.77,Star Wars: The Force Unleashed(X360),X360
2011,7.6,2.76,Saints Row: The Third(X360),X360
2011,7.8,2.7,L.A. Noire(X360),X360
2006,6.5,2.7,Call of Duty 3(X360),X360
2011,5.9,2.69,Madden NFL 12(X360),X360
2010,5.7,2.69,Madden NFL 11(X360),X360
2004,8.5,2.66,Fable(XB),XB
2008,6.3,2.66,Guitar Hero: World Tour(X360),X360
2016,5.5,2.65,FIFA 17(XOne),XOne
2010,8,2.63,Skate 3(X360),X360
2009,7.2,2.62,Halo Wars(X360),X360
2011,7.7,2.62,NBA 2K12(X360),X360
2009,7.5,2.62,FIFA Soccer 10(X360),X360
2010,6.7,2.61,Medal of Honor(X360),X360
2007,7.4,2.57,LEGO Star Wars: The Complete Saga(X360),X360
2009,7.9,2.56,Dragon Age: Origins(X360),X360
2008,7,2.53,Madden NFL 09(X360),X360
2013,4.9,2.52,NBA 2K14(X360),X360
2006,7.5,2.5,Marvel: Ultimate Alliance(X360),X360
2008,7.7,2.47,Pure(X360),X360
2016,3.1,2.42,Call of Duty: Infinite Warfare(XOne),XOne
2015,6.1,2.42,Madden NFL 16(XOne),XOne
2008,7.8,2.42,Tom Clancy's Rainbow Six: Vegas 2(X360),X360
2011,8.1,2.4,Halo: Combat Evolved Anniversary(X360),X360
2011,6.9,2.37,Dead Island(X360),X360
2007,6.4,2.37,Madden NFL 08(X360),X360
2010,5.5,2.37,Zumba Fitness(X360),X360
2008,8.5,2.35,Midnight Club: Los Angeles(X360),X360
2011,2.9,2.35,Kinect: Disneyland Adventures(X360),X360
2015,6.2,2.34,NBA 2K16(XOne),XOne
2011,6.5,2.34,Kinect Sports: Season Two(X360),X360
2004,8.7,2.28,Need for Speed Underground 2(XB),XB
2010,7.1,2.28,The Sims 3(X360),X360
2016,8.2,2.25,Battlefield 1(XOne),XOne
2013,7.4,2.23,Assassin's Creed IV: Black Flag(XOne),XOne
2013,5.6,2.23,Madden NFL 25(X360),X360
2013,7.6,2.22,LEGO Marvel Super Heroes(X360),X360
2007,8.1,2.2,Guitar Hero II(X360),X360
2013,5.9,2.2,Forza Motorsport 5(XOne),XOne
2008,8.3,2.2,Rock Band 2(X360),X360
2010,7,2.2,Need for Speed: Hot Pursuit(X360),X360
2010,8.2,2.2,BioShock 2(X360),X360
2003,9.2,2.19,Star Wars: Knights of the Old Republic(XB),XB
2006,7.5,2.18,Saints Row(X360),X360
2014,5.4,2.18,FIFA 15(XOne),XOne
2016,6.9,2.16,Tom Clancy's The Division(XOne),XOne
2010,6.3,2.16,Final Fantasy XIII(X360),X360
2001,8.2,2.12,Project Gotham Racing(XB),XB
2011,8.3,2.1,Mortal Kombat(X360),X360
2010,8.1,2.09,NBA 2K11(X360),X360
2006,7.6,2.08,Dead Rising(X360),X360
2011,8.5,2.08,Portal 2(X360),X360
2009,7.9,2.06,UFC 2009 Undisputed(X360),X360
2007,7.1,2.05,Need for Speed: ProStreet(X360),X360
2014,5.5,2.05,Madden NFL 15(X360),X360
2011,8.2,2.04,Dance Central 2(X360),X360
2005,8.1,2.03,Call of Duty 2(X360),X360
2011,7.7,2.02,Just Dance 3(X360),X360
2013,6.6,2.02,Battlefield 4(XOne),XOne
2012,8.4,1.96,Forza Horizon(X360),X360
2006,8.3,1.95,Tom Clancy's Rainbow Six: Vegas(X360),X360
2012,5,1.95,Resident Evil 6(X360),X360
2005,8.6,1.95,Grand Theft Auto: San Andreas(XB),XB
2008,8,1.94,FIFA Soccer 09(X360),X360
2013,8.5,1.93,BioShock Infinite(X360),X360
2008,7.5,1.93,Mortal Kombat vs. DC Universe(X360),X360
2014,4.7,1.92,Destiny(X360),X360
2009,6.5,1.91,Need for Speed: Shift(X360),X360
2013,7.5,1.88,Batman: Arkham Origins(X360),X360
2005,6.7,1.86,Madden NFL 06(XB),XB
2007,8.9,1.82,The Orange Box(X360),X360
2006,6,1.8,Madden NFL 07(X360),X360
2015,7.9,1.8,Forza Motorsport 6(XOne),XOne
2001,8.6,1.77,Dead or Alive 3(XB),XB
2002,6.1,1.76,Tom Clancy's Ghost Recon(XB),XB
2004,9.1,1.75,Star Wars: Battlefront(XB),XB
2007,8,1.75,Crackdown(X360),X360
2012,3.5,1.74,Kinect Star Wars(X360),X360
2012,7.1,1.73,Hitman: Absolution(X360),X360
2014,6.3,1.72,NBA 2K15(XOne),XOne
2004,7.6,1.72,Madden NFL 2005(XB),XB
2012,7.9,1.71,Dishonored(X360),X360
2003,8.7,1.71,Need for Speed Underground(XB),XB
2008,5.9,1.68,Need For Speed: Undercover(X360),X360
2005,8.9,1.67,Star Wars: Battlefront II(XB),XB
2013,6.5,1.66,Saints Row IV(X360),X360
2012,7.2,1.66,LEGO Batman 2: DC Super Heroes(X360),X360
2006,6.3,1.65,Need for Speed Carbon(X360),X360
2008,7.6,1.64,Army of Two(X360),X360
2014,7.5,1.63,Far Cry 4(XOne),XOne
2004,9.1,1.63,ESPN NFL 2K5(XB),XB
2014,3,1.63,NBA 2K15(X360),X360
2012,7.8,1.62,Max Payne 3(X360),X360
2006,8,1.62,Viva Pinata(X360),X360
2010,3.1,1.62,Kinectimals(X360),X360
2011,6.7,1.6,Rage(X360),X360
2010,8,1.6,Just Cause 2(X360),X360
2008,6.7,1.59,Far Cry 2(X360),X360
2008,7.9,1.58,SoulCalibur IV(X360),X360
2013,6.8,1.57,Dead Rising 3(XOne),XOne
2013,5.4,1.57,Gears of War: Judgment(X360),X360
2014,5.8,1.57,Watch Dogs(XOne),XOne
2015,2.9,1.57,FIFA 16(X360),X360
2014,6.4,1.57,Madden NFL 15(XOne),XOne
2012,8.5,1.56,Need for Speed: Most Wanted(X360),X360
2003,8.5,1.55,Tom Clancy's Rainbow Six 3(XB),XB
2010,8,1.55,LEGO Harry Potter: Years 1-4(X360),X360
2010,7.8,1.55,Mafia II(X360),X360
2006,8,1.54,Tom Clancy's Ghost Recon Advanced Warfighter(X360),X360
2011,8.6,1.51,Dead Space 2(X360),X360
2002,6.9,1.49,Medal of Honor: Frontline(XB),XB
2010,6.9,1.49,Dead Rising 2(X360),X360
2015,6.6,1.49,Batman: Arkham Knight(XOne),XOne
2008,7.1,1.48,007: Quantum of Solace(X360),X360
2011,7.8,1.48,LEGO Star Wars III: The Clone Wars(X360),X360
2004,8.6,1.48,Tom Clancy's Splinter Cell: Pandora Tomorrow(XB),XB
2012,7.2,1.47,Tom Clancy's Ghost Recon: Future Soldier(X360),X360
2006,8.8,1.47,Fight Night Round 3(X360),X360
2008,7.7,1.46,Battlefield: Bad Company(X360),X360
2011,6,1.45,Homefront(X360),X360
2013,6.5,1.44,Disney Infinity(X360),X360
2010,5.7,1.43,Star Wars: The Force Unleashed II(X360),X360
2007,6.8,1.43,WWE SmackDown vs Raw 2008(X360),X360
2010,5,1.43,Kinect Joy Ride(X360),X360
2009,8.5,1.41,Sonic's Ultimate Genesis Collection(X360),X360
2013,6.6,1.41,Diablo III(X360),X360
2009,8.1,1.4,Fight Night Round 4(X360),X360
2002,7.5,1.4,Spider-Man: The Movie(XB),XB
2008,8.7,1.4,Dead Space(X360),X360
2014,8.2,1.4,Forza Horizon 2(XOne),XOne
2013,7.9,1.38,Injustice: Gods Among Us(X360),X360
2003,7.8,1.38,True Crime: Streets of LA(XB),XB
2013,6.1,1.38,Ryse: Son of Rome(XOne),XOne
2015,7.3,1.38,Mortal Kombat X(XOne),XOne
2015,8,1.38,Rise of the Tomb Raider(XOne),XOne
2011,8.3,1.38,Sonic Generations(X360),X360
2011,8.3,1.37,Deus Ex: Human Revolution(X360),X360
2004,8.6,1.37,Star Wars Knights of the Old Republic II: The Sith Lords(XB),XB
2004,8.9,1.36,Tom Clancy's Ghost Recon 2(XB),XB
2011,6,1.36,Need for Speed: The Run(X360),X360
2014,5.9,1.36,Titanfall(X360),X360
2008,6.9,1.35,Burnout Paradise(X360),X360
2014,8,1.35,Middle-Earth: Shadow of Mordor(XOne),XOne
2016,6.2,1.35,Gears of War 4(XOne),XOne
2007,7.9,1.35,FIFA Soccer 08(X360),X360
2008,8,1.34,Devil May Cry 4(X360),X360
2011,7.5,1.34,Crysis 2(X360),X360
2005,7.4,1.34,Doom 3(XB),XB
2015,6.9,1.34,Tom Clancy's Rainbow Six: Siege(XOne),XOne
2006,7.1,1.34,Lost Planet: Extreme Condition(X360),X360
2010,8.1,1.33,Alan Wake(X360),X360
2013,5.7,1.32,Skylanders SWAP Force(X360),X360
2010,6.7,1.32,UFC Undisputed 2010(X360),X360
2010,7.5,1.32,Your Shape: Fitness Evolved(X360),X360
2015,9.2,1.31,The Witcher 3: Wild Hunt(XOne),XOne
2009,7.8,1.31,[Prototype](X360),X360
2004,7.2,1.31,Burnout 3: Takedown(XB),XB
2009,8.6,1.3,The Beatles: Rock Band(X360),X360
2012,6.6,1.3,Skylanders Giants(X360),X360
2009,7,1.3,Tekken 6(X360),X360
2015,6.1,1.3,Assassin's Creed Syndicate(XOne),XOne
2015,7.8,1.29,Dying Light(XOne),XOne
2015,8.4,1.28,The Elder Scrolls Online(XOne),XOne
2014,7.2,1.27,The LEGO Movie Videogame(X360),X360
2008,7.2,1.27,NBA 2K9(X360),X360
2003,9.1,1.27,Tony Hawk's Underground(XB),XB
2011,6.3,1.27,WWE '12(X360),X360
2012,8,1.27,WWE '13(X360),X360
2014,5,1.25,Watch Dogs(X360),X360
2005,8.5,1.25,Need for Speed: Most Wanted(X360),X360
2005,8.1,1.24,Star Wars Episode III: Revenge of the Sith(XB),XB
2016,5.9,1.23,Madden NFL 17(XOne),XOne
2004,8.8,1.23,Ninja Gaiden(XB),XB
2002,8.1,1.23,Crash Bandicoot: The Wrath of Cortex(XB),XB
2012,8.5,1.23,LEGO The Lord of the Rings(X360),X360
2008,6.7,1.23,Guitar Hero: Aerosmith(X360),X360
2001,8.3,1.22,Max Payne(XB),XB
2001,6.9,1.21,Fuzion Frenzy(XB),XB
2004,7.8,1.21,Call of Duty: Finest Hour(XB),XB
2015,5.1,1.21,Battlefield: Hardline(XOne),XOne
2003,7.1,1.2,Enter the Matrix(XB),XB
2015,5.2,1.19,Destiny: The Taken King(XOne),XOne
2012,7.7,1.18,Just Dance 4(X360),X360
2003,5.8,1.17,Medal of Honor: Rising Sun(XB),XB
2008,7.6,1.16,Mirror's Edge(X360),X360
2011,7.6,1.16,Your Shape: Fitness Evolved 2012(X360),X360
2013,5.8,1.16,FIFA 14(XOne),XOne
2010,5.8,1.16,Sniper: Ghost Warrior(X360),X360
2012,5.4,1.15,Medal of Honor: Warfighter(X360),X360
2003,9.1,1.14,The Lord of the Rings: The Return of the King(XB),XB
2014,7.7,1.14,Sunset Overdrive(XOne),XOne
2002,8,1.13,MechAssault(XB),XB
2004,8.6,1.13,Tom Clancy's Rainbow Six 3: Black Arrow(XB),XB
2009,6.8,1.13,Guitar Hero 5(X360),X360
2005,5.1,1.12,Call Of Duty 2: Big Red One(XB),XB
2011,8.2,1.12,Rocksmith(X360),X360
2004,8.3,1.12,Spider-Man 2(XB),XB
2010,6,1.12,Crackdown 2(X360),X360
2011,4.5,1.11,Dragon Age II(X360),X360
2003,7.6,1.11,Counter-Strike(XB),XB
2005,9,1.11,Tom Clancy's Splinter Cell: Chaos Theory(XB),XB
2013,7.7,1.11,WWE 2K14(X360),X360
2007,6.7,1.1,Medal of Honor: Airborne(X360),X360
2013,5.8,1.09,NCAA Football 14(X360),X360
2003,8.3,1.09,Madden NFL 2004(XB),XB
2010,2.1,1.09,Sonic Free Riders(X360),X360
2012,5.5,1.09,NCAA Football 13(X360),X360
2009,8,1.09,Skate 2(X360),X360
2016,7.4,1.08,Forza Horizon 3(XOne),XOne
2014,7.3,1.08,Plants vs. Zombies: Garden Warfare(X360),X360
2008,6.6,1.07,Tomb Raider: Underworld(X360),X360
2007,7.8,1.07,Pro Evolution Soccer 2008(X360),X360
2010,7.6,1.07,Red Dead Redemption: Undead Nightmare(X360),X360
2009,8,1.06,DJ Hero(X360),X360
2008,8.3,1.06,Bully: Scholarship Edition(X360),X360
2016,5.6,1.06,Overwatch(XOne),XOne
2010,7.3,1.06,Aliens vs Predator(X360),X360
2010,7.9,1.06,Darksiders(X360),X360
2008,7.2,1.06,Mercenaries 2: World in Flames(X360),X360
2013,6.8,1.06,LEGO Marvel Super Heroes(XOne),XOne
2001,8.3,1.05,The Simpsons: Road Rage(XB),XB
2005,7.6,1.05,Forza Motorsport(XB),XB
2009,8.4,1.04,WWE SmackDown vs. Raw 2010(X360),X360
2006,4.4,1.04,Sonic the Hedgehog(X360),X360
2005,8.8,1.04,Need for Speed: Most Wanted(XB),XB
2007,7.7,1.03,The Simpsons Game(X360),X360
2011,5.8,1.03,Brink(X360),X360
2011,7,1.03,LEGO Pirates of the Caribbean: The Video Game(X360),X360
2016,6.2,1.02,NBA 2K17(XOne),XOne
2007,8.1,1.02,Tom Clancy's Ghost Recon Advanced Warfighter 2(X360),X360
2009,7.4,1.02,LEGO Indiana Jones 2: The Adventure Continues(X360),X360
2011,7.6,1.02,Bulletstorm(X360),X360
2006,8.7,1.02,Madden NFL 07(XB),XB
2007,7.9,1.01,Ace Combat 6: Fires of Liberation(X360),X360
2008,8,1.01,Ninja Gaiden II(X360),X360
2014,7.3,1.01,Assassin's Creed: Rogue(X360),X360
2008,7,1.01,Prince of Persia(X360),X360
2003,8.9,1,SoulCalibur II(XB),XB
2000,8.5,0.99,NFL Fever 2002(XB),XB
2013,7.8,0.99,Just Dance 2014(X360),X360
2011,6.6,0.99,NCAA Football 12(X360),X360
2012,7.6,0.99,UFC Undisputed 3(X360),X360
2011,8.4,0.99,Dark Souls(X360),X360
2013,6.4,0.98,Dead Space 3(X360),X360
2013,7.5,0.98,Tom Clancy's Splinter Cell: Blacklist(X360),X360
2009,7.6,0.97,NBA 2K10(X360),X360
2005,8.3,0.97,NCAA Football 06(XB),XB
2015,5.1,0.97,Madden NFL 16(X360),X360
2009,8,0.97,Brutal Legend(X360),X360
2004,8.7,0.97,FIFA Soccer 2005(XB),XB
2011,5.2,0.97,Skylanders: Spyro's Adventure(X360),X360
2002,8.4,0.96,Mortal Kombat: Deadly Alliance(XB),XB
2004,8.7,0.95,ESPN NBA 2K5(XB),XB
2008,7.8,0.95,Sonic Unleashed(X360),X360
2010,7.3,0.95,Army of Two: The 40th Day(X360),X360
2015,3.2,0.94,NBA 2K16(X360),X360
2009,6.7,0.94,NCAA Football 10(X360),X360
2003,7.8,0.94,Prince of Persia: The Sands of Time(XB),XB
2002,8.5,0.93,Tony Hawk's Pro Skater 4(XB),XB
2014,6.9,0.93,Dragon Age: Inquisition(XOne),XOne
2009,8,0.93,Bayonetta(X360),X360
2009,7.8,0.93,Operation Flashpoint: Dragon Rising(X360),X360
2011,5.6,0.93,Wipeout: In The Zone(X360),X360
2010,7.1,0.92,NCAA Football 11(X360),X360
2014,8.4,0.92,South Park: The Stick of Truth(X360),X360
2010,7.7,0.92,Dante's Inferno(X360),X360
2008,7.1,0.92,WWE SmackDown vs. Raw 2009(X360),X360
2006,7.8,0.92,Blue Dragon(X360),X360
2008,7.2,0.91,Tom Clancy's EndWar(X360),X360
2013,5.7,0.91,NBA 2K14(XOne),XOne
2004,7.9,0.91,Sonic Mega Collection Plus(XB),XB
2007,8.3,0.9,Lost Odyssey(X360),X360
2015,7,0.9,Just Cause 3(XOne),XOne
2009,7.3,0.9,Marvel: Ultimate Alliance 2(X360),X360
2013,6.7,0.9,Crysis 3(X360),X360
2014,7,0.9,Far Cry 4(X360),X360
2012,8.3,0.9,The Witcher 2: Assassins of Kings(X360),X360
2003,7.6,0.9,Sonic Heroes(XB),XB
2002,7.5,0.9,James Bond 007: Agent Under Fire(XB),XB
2004,8.5,0.9,X-Men Legends(XB),XB
2004,7.6,0.9,NBA Live 2005(XB),XB
2012,6.7,0.89,FIFA Street(X360),X360
2014,6.8,0.89,Lego Batman 3: Beyond Gotham(X360),X360
2010,7.5,0.88,F1 2010(X360),X360
2016,6.4,0.88,Far Cry: Primal(XOne),XOne
2010,8.2,0.88,Rock Band 3(X360),X360
2010,7.6,0.88,WWE SmackDown vs. Raw 2011(X360),X360
2003,8.8,0.87,Crimson Skies: High Road to Revenge(XB),XB
2003,8.8,0.87,Tom Clancy's Ghost Recon: Island Thunder(XB),XB
2012,7.9,0.87,Sleeping Dogs(X360),X360
2012,7.7,0.87,Kingdoms of Amalur: Reckoning(X360),X360
2011,6.8,0.87,Michael Jackson: The Experience(X360),X360
2008,7.9,0.87,GRID(X360),X360
2007,7.4,0.87,DiRT(X360),X360
2009,8.1,0.87,Red Faction: Guerrilla(X360),X360
2002,8.1,0.87,Conflict: Desert Storm(XB),XB
2015,7.1,0.87,LEGO Jurassic World(X360),X360
2008,8.3,0.87,Brothers in Arms: Hell's Highway(X360),X360
2010,6.5,0.86,Guitar Hero: Warriors of Rock(X360),X360
2010,8.1,0.85,2010 FIFA World Cup South Africa(X360),X360
2007,7,0.85,NBA 2K8(X360),X360
2004,8.9,0.85,Tiger Woods PGA Tour 2005(XB),XB
2012,6.8,0.84,Sniper Elite V2(X360),X360
2011,4.4,0.83,Duke Nukem Forever(X360),X360
2003,7.8,0.83,Brute Force(XB),XB
2008,7.8,0.83,Sid Meier's Civilization Revolution(X360),X360
2002,7.8,0.82,James Bond 007: Nightfire(XB),XB
2010,7.9,0.82,DJ Hero 2(X360),X360
2002,6.4,0.82,Need for Speed: Hot Pursuit 2(XB),XB
2001,9,0.82,Amped: Freestyle Snowboarding(XB),XB
2007,7.6,0.82,Stranglehold(X360),X360
2012,8,0.81,Dance Central 3(X360),X360
2009,7.6,0.81,Pro Evolution Soccer 2010(X360),X360
2013,5.9,0.81,Madden NFL 25(XOne),XOne
2009,8.2,0.8,DiRT 2(X360),X360
2004,7.5,0.8,Prince of Persia: Warrior Within(XB),XB
2009,8.1,0.8,Guitar Hero: Metallica(X360),X360
2012,8,0.79,Darksiders II(X360),X360
2013,5.4,0.79,Need for Speed Rivals(X360),X360
2012,7,0.79,[Prototype 2](X360),X360
2009,6.9,0.79,The Godfather II(X360),X360
2012,7.8,0.79,Dragon's Dogma(X360),X360
2015,7.7,0.79,Rare Replay(XOne),XOne
2009,5,0.79,Band Hero(X360),X360
2003,8.2,0.79,FIFA Soccer 2004(XB),XB
2009,7.2,0.79,Star Ocean: The Last Hope(X360),X360
2014,5.1,0.78,Forza Horizon 2(X360),X360
2008,7,0.78,Too Human(X360),X360
2006,8.1,0.78,Tom Clancy's Splinter Cell: Double Agent(X360),X360
2010,8.5,0.78,Naruto Shippuden: Ultimate Ninja Storm 2(X360),X360
2011,7.4,0.78,Fight Night Champion(X360),X360
2013,6.3,0.78,Dead Island: Riptide(X360),X360
2011,8.2,0.78,Rayman Origins(X360),X360
2013,3.8,0.77,Aliens: Colonial Marines(X360),X360
2008,7.4,0.77,Lips(X360),X360
2005,7.3,0.77,Perfect Dark Zero(X360),X360
2012,4.9,0.77,Resident Evil: Operation Raccoon City(X360),X360
2011,6.5,0.77,UFC Personal Trainer: The Ultimate Fitness System(X360),X360
2004,4.7,0.76,Driv3r(XB),XB
2004,8.8,0.76,Mortal Kombat: Deception(XB),XB
2015,7.3,0.75,Metal Gear Solid V: The Phantom Pain(XOne),XOne
2006,7.8,0.75,Rockstar Games presents Table Tennis(X360),X360
2004,7.8,0.75,Tony Hawk's Underground 2(XB),XB
2008,7.1,0.75,Turok(X360),X360
2014,7.9,0.74,Dark Souls II(X360),X360
2005,7.4,0.74,Midnight Club 3: DUB Edition(XB),XB
2002,8.2,0.74,Unreal Championship(XB),XB
2008,8.2,0.74,Tales of Vesperia(X360),X360
2011,6.3,0.73,Final Fantasy XIII-2(X360),X360
2001,8.7,0.73,Oddworld: Munch's Oddysee(XB),XB
2010,7.7,0.73,NHL 11(X360),X360
2006,6.9,0.73,NCAA Football 07(X360),X360
2004,8.7,0.73,Full Spectrum Warrior(XB),XB
2002,8.9,0.72,Dead to Rights(XB),XB
2007,7.1,0.72,Major League Baseball 2K7(X360),X360
2014,6.4,0.72,Borderlands: The Pre-Sequel(X360),X360
2011,7.1,0.72,F1 2011(X360),X360
2009,6.6,0.72,MX vs. ATV Reflex(X360),X360
2011,7.1,0.72,DiRT 3(X360),X360
2002,8.1,0.71,The Lord of the Rings: The Two Towers(XB),XB
2002,8.3,0.71,Madden NFL 2003(XB),XB
2007,8.4,0.71,Skate(X360),X360
2008,7.4,0.71,NBA Live 09(X360),X360
2008,7.7,0.71,NCAA Football 09(X360),X360
2005,7.9,0.71,Doom 3: Resurrection of Evil(XB),XB
2012,6.4,0.7,SSX(X360),X360
2007,5.5,0.7,Two Worlds(X360),X360
2007,7.8,0.7,NCAA Football 08(X360),X360
2001,5.9,0.7,Star Wars: Obi-Wan(XB),XB
2005,8.6,0.7,Jade Empire(XB),XB
2008,7,0.7,Infinite Undiscovery(X360),X360
2011,7,0.7,NHL 12(X360),X360
2011,3.3,0.7,Omerta: City of Gangsters(X360),X360
2011,7.6,0.7,Driver: San Francisco(X360),X360
2005,7.4,0.69,Halo 2 Multiplayer Map Pack(XB),XB
2010,4.4,0.69,MotionSports(X360),X360
2014,7.4,0.69,Plants vs. Zombies: Garden Warfare(XOne),XOne
2013,5.8,0.69,Need for Speed Rivals(XOne),XOne
2003,8.8,0.68,NBA Street Vol. 2(XB),XB
2007,7.1,0.68,MX vs. ATV Untamed(X360),X360
2008,6.9,0.68,The Last Remnant(X360),X360
2004,8,0.68,NCAA Football 2005(XB),XB
2005,7.5,0.68,FIFA Soccer 06(XB),XB
2004,8.7,0.68,Fight Night 2004(XB),XB
2014,7.8,0.68,Wolfenstein: The New Order(XOne),XOne
2003,8.8,0.67,Return to Castle Wolfenstein: Tides of War(XB),XB
2014,7.3,0.67,The Evil Within(XOne),XOne
2005,8.9,0.67,Star Wars: Republic Commando(XB),XB
2013,7.2,0.67,Terraria(X360),X360
2004,8.8,0.66,NFL Street(XB),XB
2010,7.8,0.66,Castlevania: Lords of Shadow(X360),X360
2009,8.4,0.66,NHL 10(X360),X360
2012,6.6,0.66,NHL 13(X360),X360
2005,8,0.66,Brothers In Arms: Road to Hill 30(XB),XB
2015,6.7,0.65,LEGO Jurassic World(XOne),XOne
2008,7.4,0.65,Scene It? Box Office Smash(X360),X360
2008,7.8,0.65,Tiger Woods PGA Tour 09(X360),X360
2009,6.9,0.65,Tiger Woods PGA Tour 10(X360),X360
2003,8.4,0.64,Max Payne 2: The Fall of Max Payne(XB),XB
2014,4,0.64,WWE 2K15(X360),X360
2004,7.4,0.64,James Bond 007: Everything or Nothing(XB),XB
2005,6.4,0.64,NBA Live 06(XB),XB
2002,7.7,0.64,TimeSplitters 2(XB),XB
2007,7.3,0.64,Stuntman: Ignition(X360),X360
2014,5.9,0.64,The Crew(XOne),XOne
2010,7.4,0.64,Dragon Ball: Raging Blast 2(X360),X360
2015,5.1,0.64,Evolve(XOne),XOne
2006,8,0.63,LEGO Star Wars II: The Original Trilogy(X360),X360
2001,8.8,0.63,Tony Hawk's Pro Skater 2x(XB),XB
2002,7.7,0.63,FIFA Soccer 2003(XB),XB
2009,7,0.63,The Lord of the Rings: Conquest(X360),X360
2007,7.6,0.63,Juiced 2: Hot Import Nights(X360),X360
2013,4,0.63,The Walking Dead: Survival Instinct(X360),X360
2008,8.4,0.63,Condemned 2: Bloodshot(X360),X360
2009,8.5,0.63,Ghostbusters: The Video Game(X360),X360
2012,8.3,0.62,XCOM: Enemy Unknown(X360),X360
2005,7.7,0.62,Tony Hawk's American Wasteland(XB),XB
2003,8.2,0.62,Tiger Woods PGA Tour 2004(XB),XB
2016,4.6,0.62,Mafia III(XOne),XOne
2010,7.8,0.62,Prince of Persia: The Forgotten Sands(X360),X360
2011,6.1,0.62,Tiger Woods PGA Tour 12: The Masters(X360),X360
2008,6.3,0.62,Wall-E(X360),X360
2002,8.6,0.61,NFL Fever 2003(XB),XB
2005,8.6,0.61,Half-Life 2(XB),XB
2009,3,0.61,Tony Hawk: RIDE(X360),X360
2008,5.9,0.61,Major League Baseball 2K8(X360),X360
2010,5.9,0.61,pro evolution soccer 2011(X360),X360
2009,5.3,0.61,Major League Baseball 2K9(X360),X360
2005,8.8,0.6,Fight Night Round 2(XB),XB
2014,8.3,0.6,Just Dance 2015(X360),X360
2014,5.1,0.6,Kinect Sports Rivals(XOne),XOne
2009,7.6,0.6,Call of Juarez: Bound in Blood(X360),X360
2010,4.6,0.6,Fighters Uncaged(X360),X360
2010,8.1,0.6,Split/Second(X360),X360
2008,5.8,0.59,Monopoly(X360),X360
2004,8.5,0.59,MVP Baseball 2004(XB),XB
2015,5.7,0.59,WWE 2K16(XOne),XOne
2003,7.8,0.59,Dead or Alive Xtreme Beach Volleyball(XB),XB
2010,8.3,0.59,Blur(X360),X360
2008,7.8,0.59,Naruto: The Broken Bond(X360),X360
2012,6.2,0.58,SoulCalibur V(X360),X360
2008,6.4,0.58,Lost: Via Domus(X360),X360
2010,3.7,0.58,Game Party in Motion(X360),X360
2012,5.1,0.58,Kinect Rush: A Disney Pixar Adventure(X360),X360
2009,7.3,0.58,Tom Clancy's HAWX(X360),X360
2006,7.8,0.58,NBA 2K7(X360),X360
2005,8.4,0.58,Prince of Persia: The Two Thrones(XB),XB
2005,5.7,0.57,Far Cry Instincts(XB),XB
2013,6.3,0.57,Payday 2(X360),X360
2007,6.1,0.57,Blacksite: Area 51(X360),X360
2016,8,0.57,Titanfall 2(XOne),XOne
2008,5.9,0.57,Iron Man(X360),X360
2001,7.5,0.57,Blood Wake(XB),XB
2014,5.7,0.57,WWE 2K15(XOne),XOne
2002,5.2,0.57,Wreckless: ThE YaKuza MisSiOns(XB),XB
2013,7.2,0.57,Defiance(X360),X360
2003,8.9,0.57,SpongeBob SquarePants: Battle for Bikini Bottom(XB),XB
2007,7,0.57,Spider-Man 3(X360),X360
2011,5.3,0.57,Disney Universe(X360),X360
2002,8.3,0.57,RalliSport Challenge(XB),XB
2003,8.9,0.56,The Sims: Bustin' Out(XB),XB
2011,7.8,0.56,"Warhammer 40,000: Space Marine(X360)",X360
2008,7.6,0.56,Top Spin 3(X360),X360
2009,7.2,0.56,LEGO Rock Band(X360),X360
2005,8.2,0.56,Battlefield 2: Modern Combat(XB),XB
2003,7.3,0.56,WWE Raw 2(XB),XB
2007,5.4,0.56,Tony Hawk's Proving Ground(X360),X360
2009,7.5,0.56,Wolfenstein(X360),X360
2002,8,0.56,Blinx: The Time Sweeper(XB),XB
2005,8.2,0.56,Major League Baseball 2K5(XB),XB
2016,6.8,0.56,Quantum Break(XOne),XOne
2007,6.3,0.56,TMNT(X360),X360
2008,7.8,0.56,Frontlines: Fuel of War(X360),X360
2006,6.9,0.56,NCAA Football 07(XB),XB
2002,6.6,0.55,WWF Raw(XB),XB
2015,5.1,0.55,Guitar Hero Live(XOne),XOne
2002,8.4,0.55,Tony Hawk's Pro Skater 3(XB),XB
2011,7.2,0.55,MX vs. ATV: Alive(X360),X360
2004,8.4,0.55,Shrek 2(XB),XB
2009,7.6,0.55,Lips: Number One Hits(X360),X360
2002,6.7,0.55,Turok: Evolution(XB),XB
2004,8.5,0.55,Red Dead Revolver(XB),XB
2004,8.5,0.54,The SpongeBob SquarePants Movie(XB),XB
2007,7.8,0.54,Tiger Woods PGA Tour 08(X360),X360
2003,8.8,0.54,Dance Dance Revolution Ultramix(XB),XB
2010,7.8,0.54,Enslaved: Odyssey to the West(X360),X360
2010,7.9,0.54,Metro 2033(X360),X360
2004,9.2,0.54,Greg Hastings' Tournament Paintball(XB),XB
2011,5.8,0.54,Dragon Ball Z: Ultimate Tenkaichi(X360),X360
2009,7.3,0.54,Sacred 2: Fallen Angel(X360),X360
2011,6.6,0.54,Two Worlds II(X360),X360
2013,5.9,0.54,NHL 14(X360),X360
2004,7.7,0.53,Blitz: The League(XB),XB
2014,7.5,0.53,Just Dance 2015(XOne),XOne
2014,6.9,0.53,The LEGO Movie Videogame(XOne),XOne
2005,8.5,0.53,Peter Jackson's King Kong: The Official Game of the Movie(XB),XB
2005,8.4,0.53,Burnout Revenge(XB),XB
2005,7,0.53,Medal of Honor: European Assault(XB),XB
2002,6.6,0.53,The Lord of the Rings: The Fellowship of the Ring(XB),XB
2015,6.1,0.53,LEGO Dimensions(X360),X360
2014,5.1,0.53,Dragon Age: Inquisition(X360),X360
2009,8,0.52,F.E.A.R. 2: Project Origin(X360),X360
2010,7.8,0.52,Tiger Woods PGA Tour 11(X360),X360
2007,5.3,0.52,NBA Live 08(X360),X360
2011,6.9,0.52,Sesame Street: Once Upon A Monster(X360),X360
2002,8.2,0.52,NCAA Football 2003(XB),XB
2005,7.8,0.52,Gun(XB),XB
2012,5.5,0.51,Epic Mickey 2: The Power of Two(X360),X360
2009,8.4,0.51,IL-2 Sturmovik: Birds of Prey(X360),X360
2010,7.6,0.51,Major League Baseball 2K10(X360),X360
2003,8.2,0.51,NBA Live 2004(XB),XB
2014,7.8,0.51,Alien: Isolation(XOne),XOne
2009,7.5,0.51,Dragon Ball: Raging Blast(X360),X360
2013,7.7,0.51,Naruto Shippuden: Ultimate Ninja Storm 3(X360),X360
2004,8.1,0.51,NBA Ballers(XB),XB
2012,5.6,0.51,Tiger Woods PGA Tour 13(X360),X360
2009,8.2,0.51,The Saboteur(X360),X360
2008,8.4,0.5,NHL 09(X360),X360
2006,7.8,0.5,WWE SmackDown vs. RAW 2007(X360),X360
2003,7.6,0.5,Midnight Club II(XB),XB
2011,6.6,0.5,Pro Evolution Soccer 2012(X360),X360
2011,6,0.5,Goldeneye 007: Reloaded(X360),X360
2004,8.7,0.5,Dead or Alive Ultimate(XB),XB
2012,6.4,0.5,Major League Baseball 2K12(X360),X360
2007,7.4,0.5,Dance Dance Revolution Universe 2(X360),X360
2006,8.1,0.5,Burnout Revenge(X360),X360
2007,8.2,0.5,NBA Street Homecourt(X360),X360
2011,8.1,0.5,Alice: Madness Returns(X360),X360
2012,6.9,0.49,F1 2012(X360),X360
2006,7.6,0.49,Tony Hawk's Project 8(X360),X360
2004,7.2,0.49,GoldenEye: Rogue Agent(XB),XB
2011,6.2,0.49,Ace Combat: Assault Horizon(X360),X360
2006,8.4,0.49,Scarface: The World is Yours(XB),XB
2014,4.6,0.49,Middle-Earth: Shadow of Mordor(X360),X360
2008,7.6,0.49,Dragon Ball Z: Burst Limit(X360),X360
2008,5.7,0.48,Alone in the Dark(X360),X360
2004,6.5,0.48,NFL Street 2(XB),XB
2008,5.5,0.48,You're in the Movies(X360),X360
2007,8.1,0.48,Scene It? Lights Camera Action(X360),X360
2008,7.5,0.48,Dark Sector(X360),X360
2006,7.9,0.48,Tiger Woods PGA Tour 07(X360),X360
2016,8.1,0.48,Plants vs. Zombies: Garden Warfare 2(XOne),XOne
2012,7,0.48,Lollipop Chainsaw(X360),X360
2013,7.8,0.48,Metal Gear Rising: Revengeance(X360),X360
2015,6,0.48,NHL 16(XOne),XOne
2005,5.1,0.48,Tiger Woods PGA Tour 06(XB),XB
2006,6.6,0.48,FIFA World Cup Germany 2006(X360),X360
2012,6.5,0.47,Doom 3 BFG Edition(X360),X360
2015,6.4,0.47,Rock Band 4(XOne),XOne
2010,7.1,0.47,James Bond 007: Blood Stone(X360),X360
2012,4.4,0.47,Street Fighter X Tekken(X360),X360
2008,7.6,0.47,Unreal Tournament III(X360),X360
2008,6.5,0.47,Crash: Mind Over Mutant(X360),X360
2008,7.9,0.47,Viva Pinata: Trouble in Paradise(X360),X360
2006,7.4,0.47,Need for Speed Carbon(XB),XB
2007,7.5,0.47,Shadowrun(X360),X360
2011,7.8,0.47,Rise of Nightmares(X360),X360
2014,6.3,0.47,EA Sports UFC(XOne),XOne
2005,8.2,0.47,Dead or Alive 4(X360),X360
2014,7.6,0.46,The Evil Within(X360),X360
2006,4.9,0.46,NBA Live 07(X360),X360
2003,8.2,0.46,Top Spin(XB),XB
2007,4.1,0.46,The Golden Compass(X360),X360
2013,7,0.45,Just Dance 2014(XOne),XOne
2014,8.7,0.45,LEGO The Hobbit(X360),X360
2014,2.8,0.45,NHL 15(X360),X360
2003,8.7,0.45,Star Wars Jedi Knight: Jedi Academy(XB),XB
2008,7.3,0.45,Enemy Territory: Quake Wars(X360),X360
2011,6.8,0.45,Major League Baseball 2K11(X360),X360
2007,7.2,0.45,Sega Rally Revo(X360),X360
2005,6.9,0.45,WWE WrestleMania 21(XB),XB
2009,7.7,0.45,NBA Live 10(X360),X360
2010,5,0.45,Harry Potter and the Deathly Hallows - Part 1(X360),X360
2011,7,0.45,F.E.A.R. 3(X360),X360
2005,7.9,0.44,World Soccer Winning Eleven 9(XB),XB
2005,8.7,0.44,X-Men Legends II: Rise of Apocalypse(XB),XB
2012,7.2,0.44,Naruto Shippuden: Ultimate Ninja Storm Generations(X360),X360
2002,8.5,0.44,Tiger Woods PGA Tour 2003(XB),XB
2005,5.9,0.44,50 Cent: Bulletproof(XB),XB
2006,8.6,0.44,LEGO Star Wars II: The Original Trilogy(XB),XB
2008,8,0.44,Viking: Battle for Asgard(X360),X360
2012,8.3,0.44,Transformers: Fall of Cybertron(X360),X360
2004,9.3,0.44,MX Unleashed(XB),XB
2013,5.1,0.44,DmC: Devil May Cry(X360),X360
2007,8.1,0.44,The Darkness(X360),X360
2011,7.7,0.44,Child of Eden(X360),X360
2002,5.2,0.44,Star Wars: Jedi Starfighter(XB),XB
2001,8.5,0.43,SSX Tricky(XB),XB
2015,7.8,0.43,Borderlands: The Handsome Collection(XOne),XOne
2003,8.8,0.43,NCAA Football 2004(XB),XB
2013,7.4,0.43,Deadpool(X360),X360
2014,7.1,0.43,Lego Batman 3: Beyond Gotham(XOne),XOne
2012,8.4,0.43,Devil May Cry HD Collection(X360),X360
2015,5.4,0.43,WWE 2K16(X360),X360
2013,8.2,0.43,Rayman Legends(X360),X360
2008,5.2,0.43,Disney Sing It(X360),X360
2014,4.4,0.42,2014 FIFA World Cup Brazil(X360),X360
2003,6.9,0.42,The Sims(XB),XB
2015,5.4,0.42,Skylanders: SuperChargers(X360),X360
2004,8.5,0.42,ESPN NHL 2K5(XB),XB
2009,5.9,0.42,Guitar Hero: Smash Hits(X360),X360
2002,8.7,0.42,Test Drive(XB),XB
2004,7.1,0.42,Dance Dance Revolution Ultramix 2(XB),XB
2006,8,0.42,Black(XB),XB
2012,8.2,0.42,Spec Ops: The Line(X360),X360
2010,8.4,0.42,Vanquish(X360),X360
2006,7.9,0.42,Blazing Angels: Squadrons of WWII(X360),X360
2005,8.2,0.41,Condemned: Criminal Origins(X360),X360
2016,6,0.41,EA Sports UFC 2(XOne),XOne
2005,6.6,0.41,Tom Clancy's Rainbow Six: Lockdown(XB),XB
2007,7.9,0.41,TimeShift(X360),X360
2015,6.9,0.41,LEGO Dimensions(XOne),XOne
2014,3.2,0.41,NHL 15(XOne),XOne
2011,8.2,0.41,Top Spin 4(X360),X360
2010,6.6,0.41,Green Day: Rock Band(X360),X360
2006,7.3,0.41,Battlefield 2: Modern Combat(X360),X360
2011,7.5,0.41,Fantastic Pets(X360),X360
2008,8.6,0.4,Spider-Man: Web of Shadows(X360),X360
2010,5.6,0.4,Naughty Bear(X360),X360
2007,4.7,0.4,Beowulf: The Game(X360),X360
2007,8.3,0.4,Overlord(X360),X360
2012,7.4,0.4,Mass Effect Trilogy(X360),X360
2011,8.1,0.4,The Gunstringer(X360),X360
2005,8.3,0.4,MX vs. ATV Unleashed(XB),XB
2001,7.5,0.4,NBA Live 2002(XB),XB
2007,8.3,0.39,Tomb Raider: Anniversary(X360),X360
2005,7.4,0.39,Ultimate Spider-Man(XB),XB
2009,6.3,0.39,Legends of WrestleMania(X360),X360
2002,7.3,0.39,The House of The Dead III(XB),XB
2016,8.6,0.39,Dark Souls III(XOne),XOne
2010,7,0.39,NBA Jam(X360),X360
2010,7.2,0.39,Alpha Protocol(X360),X360
2003,8.7,0.39,SSX 3(XB),XB
2009,6.3,0.39,Star Wars The Clone Wars: Republic Heroes(X360),X360
2012,7.5,0.39,The Darkness II(X360),X360
2006,8.7,0.39,Hitman: Blood Money(X360),X360
2005,7.2,0.39,Tom Clancy's Ghost Recon 2: Summit Strike(XB),XB
2010,5.4,0.39,EA Sports Active 2(X360),X360
2011,7,0.39,Red Faction: Armageddon(X360),X360
2013,6.2,0.38,Farming Simulator 2013(X360),X360
2004,8.3,0.38,ESPN College Hoops 2K5(XB),XB
2014,7.4,0.38,Wolfenstein: The New Order(X360),X360
2016,1.7,0.38,FIFA 17(X360),X360
2002,8.9,0.38,Hunter: The Reckoning(XB),XB
2005,8.6,0.38,Dance Dance Revolution Ultramix 3(XB),XB
2006,3.9,0.37,Major League Baseball 2K6(X360),X360
2009,6.4,0.37,Trivial Pursuit(X360),X360
2007,5.9,0.37,Kingdom Under Fire: Circle of Doom(X360),X360
2005,6.7,0.37,Quake 4(X360),X360
2006,7.3,0.37,Tomb Raider: Legend(X360),X360
2011,5.9,0.37,Dungeon Siege III(X360),X360
2009,7.5,0.37,Wanted: Weapons of Fate(X360),X360
2010,6.3,0.36,Tom Clancy's HAWX 2(X360),X360
2009,8.5,0.36,BlazBlue: Calamity Trigger(X360),X360
2005,8.7,0.36,NBA 2K6(XB),XB
2004,7.5,0.36,MechAssault 2: Lone Wolf(XB),XB
2003,8.9,0.36,ESPN NFL Football(XB),XB
2010,7.6,0.36,Spider-Man: Shattered Dimensions(X360),X360
2016,7.7,0.36,Watch Dogs 2(XOne),XOne
2002,7.2,0.36,Harry Potter and the Chamber of Secrets(XB),XB
2001,5.4,0.36,Shrek(XB),XB
2013,6.2,0.35,Tiger Woods PGA Tour 14(X360),X360
2003,9.1,0.35,Cabela's Dangerous Hunts(XB),XB
2013,8.4,0.35,Metro: Last Light(X360),X360
2010,7,0.35,EA Sports MMA(X360),X360
2009,5,0.35,Terminator Salvation(X360),X360
2015,4.4,0.35,Destiny: The Taken King(X360),X360
2008,5.6,0.35,MotoGP 08(X360),X360
2016,5.1,0.35,LEGO Marvel's Avengers(XOne),XOne
2014,6.6,0.35,Sniper Elite 3(XOne),XOne
2007,6.3,0.34,Def Jam Icon(X360),X360
2011,7.2,0.34,WWE All Stars(X360),X360
2012,7.5,0.34,Tekken Tag Tournament 2(X360),X360
2004,8.8,0.34,Hitman: Contracts(XB),XB
2010,7.1,0.34,Supreme Commander 2(X360),X360
2004,6.5,0.34,The Urbz: Sims in the City(XB),XB
2014,7.9,0.34,Rayman Legends(XOne),XOne
2006,7.3,0.34,Tenchu Z(X360),X360
2006,8.6,0.34,MVP 06 NCAA Baseball(XB),XB
2006,7.3,0.34,F.E.A.R.(X360),X360
2005,8.1,0.34,Kameo: Elements of Power(X360),X360
2005,6.6,0.34,Delta Force: Black Hawk Down(XB),XB
2007,5.3,0.34,Pirates of the Caribbean: At World's End(X360),X360
2006,6,0.33,Tom Clancy's Ghost Recon Advanced Warfighter(XB),XB
2011,5.4,0.33,Harry Potter and the Deathly Hallows - Part 2(X360),X360
2003,7.7,0.33,Hulk(XB),XB
2003,7.6,0.33,Deus Ex: Invisible War(XB),XB
2011,8.2,0.33,The King of Fighters XIII(X360),X360
2008,6.2,0.33,Fracture(X360),X360
2009,6.8,0.33,Ninja Blade(X360),X360
2009,6.2,0.33,Virtua Tennis 2009(X360),X360
2006,9,0.33,Fight Night Round 3(XB),XB
2007,8.6,0.33,Naruto: Rise of a Ninja(X360),X360
2010,7.7,0.33,Resonance of Fate(X360),X360
2010,3.7,0.33,DECA Sports Freedom(X360),X360
2006,5.7,0.33,Major League Baseball 2K6(XB),XB
2008,5.8,0.33,Golden Axe: Beast Rider(X360),X360
2009,7.4,0.32,Battlestations: Pacific(X360),X360
2015,6.1,0.32,Just Dance 2016(XOne),XOne
2011,5.8,0.32,The Black Eyed Peas Experience(X360),X360
2005,8.9,0.32,NBA Street V3(XB),XB
2012,7.3,0.32,Silent Hill: Downpour(X360),X360
2015,7.2,0.32,Dragon Ball: XenoVerse(XOne),XOne
2007,7.9,0.32,Eternal Sonata(X360),X360
2012,7.9,0.32,Dead or Alive 5(X360),X360
2009,7.2,0.32,Overlord II(X360),X360
2007,8.8,0.32,Dance Dance Revolution Universe(X360),X360
2005,7.2,0.32,Tony Hawk's American Wasteland(X360),X360
2007,7,0.32,Beautiful Katamari(X360),X360
2015,6,0.32,Just Dance 2016(X360),X360
2006,7.3,0.32,Prey(X360),X360
2002,7.9,0.32,NBA 2K3(XB),XB
2003,8.8,0.32,NFL Fever 2004(XB),XB
2008,6.9,0.32,FIFA Street 3(X360),X360
2006,8,0.32,Test Drive Unlimited(X360),X360
2004,7.9,0.32,Kingdom Under Fire: The Crusaders(XB),XB
2007,7.4,0.32,Clive Barker's Jericho(X360),X360
2015,7.5,0.32,Rise of the Tomb Raider(X360),X360
2002,9.3,0.32,Shenmue II(XB),XB
2007,6.3,0.32,Crash of the Titans(X360),X360
2016,5.7,0.32,LEGO Marvel's Avengers(X360),X360
2013,5.5,0.32,Skylanders SWAP Force(XOne),XOne
2010,8.7,0.31,BlazBlue: Continuum Shift(X360),X360
2003,8.9,0.31,Crash Nitro Kart(XB),XB
2009,6.8,0.31,Harry Potter and the Half-Blood Prince(X360),X360
2002,7.8,0.31,NBA Inside Drive 2003(XB),XB
2011,7.9,0.31,Catherine(X360),X360
2005,7.3,0.31,The Matrix: Path of Neo(XB),XB
2005,6.6,0.31,Mortal Kombat: Shaolin Monks(XB),XB
2008,7.2,0.31,The Legend of Spyro: Dawn of the Dragon(X360),X360
2009,7,0.31,Fuel(X360),X360
2005,8.6,0.31,Brothers In Arms: Earned in Blood(XB),XB
2010,6,0.31,Dark Void(X360),X360
2005,7.4,0.31,Tiger Woods PGA Tour 06(X360),X360
2011,6,0.31,Jonah Lomu Rugby Challenge(X360),X360
2004,7.4,0.31,Midway Arcade Treasures 2(XB),XB
2012,6.9,0.31,Pro Evolution Soccer 2013(X360),X360
2010,6,0.31,TRON: Evolution(X360),X360
2002,2.4,0.31,Bruce Lee: Quest of the Dragon(XB),XB
2003,8.3,0.3,Midtown Madness 3(XB),XB
2011,4.1,0.3,NASCAR 2011: The Game(X360),X360
2016,8.5,0.3,Naruto Shippuden: Ultimate Ninja Storm 4(XOne),XOne
2014,6.6,0.3,Sniper Elite 3(X360),X360
2009,7,0.3,Magna Carta 2(X360),X360
2013,6.6,0.3,F1 2013(X360),X360
2007,5.8,0.3,Final Fantasy XI: Wings of the Goddess(X360),X360
2011,7.5,0.3,PowerUp Heroes(X360),X360
2007,7.4,0.3,Dynasty Warriors 6(X360),X360
2008,7.7,0.3,Dance Dance Revolution Universe 3(X360),X360
2003,8.4,0.3,Teenage Mutant Ninja Turtles(XB),XB
2016,7,0.3,Lego Star Wars: The Force Awakens(XOne),XOne
2003,4.4,0.3,AMF Bowling 2004(XB),XB
2007,6.8,0.29,Harry Potter and the Order of the Phoenix(X360),X360
2007,6.3,0.29,Spider-Man: Friend or Foe(X360),X360
2009,5.8,0.29,Guitar Hero: Van Halen(X360),X360
2010,5.4,0.29,Def Jam Rapstar(X360),X360
2002,6.9,0.29,Outlaw Golf(XB),XB
2009,8.4,0.29,Mini Ninjas(X360),X360
2009,6.8,0.29,Up(X360),X360
2005,5.6,0.29,NBA Live 06(X360),X360
2010,8.3,0.29,NieR(X360),X360
2005,8.1,0.29,Area 51(XB),XB
2009,8.2,0.29,The Chronicles of Riddick: Assault on Dark Athena(X360),X360
2007,6,0.29,Madden NFL 08(XB),XB
2003,7.4,0.29,Pirates of the Caribbean(XB),XB
2008,6.8,0.29,Turning Point: Fall of Liberty(X360),X360
2014,5.4,0.29,Metal Gear Solid V: Ground Zeroes(XOne),XOne
2007,5.2,0.29,NASCAR 08(X360),X360
2003,9,0.29,Links 2004(XB),XB
2015,4.1,0.28,Battlefield: Hardline(X360),X360
2005,8.2,0.28,The Warriors(XB),XB
2002,8,0.28,Street Hoops(XB),XB
2005,7.5,0.28,Marvel Nemesis: Rise of the Imperfects(XB),XB
2009,8.4,0.28,DeathSmiles(X360),X360
2012,4.8,0.28,Fable: The Journey(X360),X360
2009,7.4,0.28,SAW(X360),X360
2006,7,0.28,Chromehounds(X360),X360
2003,8.5,0.28,Kung Fu Chaos(XB),XB
2011,6.1,0.28,Operation Flashpoint: Red River(X360),X360
2011,6.7,0.28,Transformers: Dark of the Moon(X360),X360
2004,7.8,0.28,NCAA March Madness 2005(XB),XB
2014,8.2,0.28,Alien: Isolation(X360),X360
2001,8.3,0.28,Silent Hill 2: Restless Dreams(XB),XB
2009,7.3,0.28,Bionic Commando(X360),X360
2010,6.6,0.28,Monopoly Streets(X360),X360
2011,3.9,0.28,Rugby World Cup 2011(X360),X360
2007,7.6,0.28,Virtua Fighter 5 Online(X360),X360
2013,5.6,0.28,Angry Birds Star Wars(X360),X360
2005,7.8,0.28,True Crime: New York City(XB),XB
2003,6.5,0.27,Tao Feng: Fist of the Lotus(XB),XB
2001,8.7,0.27,NHL Hitz 20-02(XB),XB
2013,5.8,0.27,GRID 2(X360),X360
2008,5.1,0.27,Rock Revolution(X360),X360
2011,7.5,0.27,Dead Rising 2: Off the Record(X360),X360
2010,5.9,0.27,Iron Man 2(X360),X360
2004,9.1,0.27,RalliSport Challenge 2(XB),XB
2012,5.7,0.27,F1 Race Stars(X360),X360
2006,5.3,0.27,NHL 07(X360),X360
2005,5.9,0.27,NASCAR 06: Total Team Control(XB),XB
2015,4.3,0.27,Rory McIlroy PGA Tour(XOne),XOne
2008,6.8,0.27,The Club(X360),X360
2001,8.8,0.27,NHL 2002(XB),XB
2014,6.8,0.27,LEGO The Hobbit(XOne),XOne
2013,6.6,0.27,Lightning Returns: Final Fantasy XIII(X360),X360
2005,6.6,0.27,Fantastic 4(XB),XB
2007,8.4,0.27,The BIGS(X360),X360
2002,7.9,0.27,Knockout Kings 2002(XB),XB
2009,5.6,0.27,Cabela's Big Game Hunter 2010(X360),X360
2010,7,0.27,R.U.S.E.(X360),X360
2011,7.4,0.27,MotionSports: Adrenaline(X360),X360
2011,5.7,0.27,Call of Juarez: The Cartel(X360),X360
2009,7.3,0.27,Section 8(X360),X360
2003,8.2,0.27,ESPN NBA Basketball(XB),XB
2007,6.8,0.26,All-Pro Football 2K8(X360),X360
2010,8.2,0.26,Plants vs. Zombies(X360),X360
2008,6.4,0.26,The Incredible Hulk(X360),X360
2002,8.5,0.26,Panzer Dragoon Orta(XB),XB
2006,6.2,0.26,Superman Returns(X360),X360
2010,8.2,0.26,Deadly Premonition(X360),X360
2012,3.5,0.26,Angry Birds Trilogy(X360),X360
2016,5.5,0.26,WWE 2K17(XOne),XOne
2007,7.1,0.26,Battlestations: Midway(X360),X360
2015,5.8,0.26,Project CARS(XOne),XOne
2003,8.4,0.26,Outlaw Volleyball(XB),XB
2005,9.1,0.26,Oddworld: Stranger's Wrath(XB),XB
2013,7.4,0.26,Resident Evil: Revelations(X360),X360
2010,6.6,0.26,Tony Hawk: Shred(X360),X360
2013,6.2,0.26,Army of Two: The Devil's Cartel(X360),X360
2008,7.1,0.26,Legendary(X360),X360
2005,7.5,0.26,Peter Jackson's King Kong: The Official Game of the Movie(X360),X360
2002,8.1,0.26,All-Star Baseball 2003(XB),XB
2004,7.9,0.26,Baldur's Gate: Dark Alliance II(XB),XB
2003,8.8,0.25,Secret Weapons Over Normandy(XB),XB
2008,7.8,0.25,NASCAR 09(X360),X360
2012,5.2,0.25,Game of Thrones(X360),X360
2003,7.7,0.25,Amped 2(XB),XB
2006,6.7,0.25,Dead or Alive Xtreme 2(X360),X360
2004,8,0.25,Men of Valor(XB),XB
2007,8.2,0.25,NHL 08(X360),X360
2005,8.4,0.25,NHL 06(XB),XB
2003,8.3,0.25,XIII(XB),XB
2007,7.3,0.25,MotoGP '07(X360),X360
2006,6.1,0.25,Cars(X360),X360
2005,7.1,0.25,The Sims 2(XB),XB
2006,7.5,0.25,The Outfit(X360),X360
2008,6.4,0.25,Don King Presents: Prizefighter(X360),X360
2008,7.1,0.25,Bolt(X360),X360
2011,6.8,0.25,Spider-Man: Edge of Time(X360),X360
2005,7.4,0.25,America's Army: Rise of a Soldier(XB),XB
2007,7.2,0.25,Armored Core 4(X360),X360
2009,6,0.25,Dreamworks Madagascar Kartz(X360),X360
2012,5,0.25,Family Guy: Back to the Multiverse(X360),X360
2012,4.4,0.25,Ninja Gaiden 3(X360),X360
2015,5.3,0.25,F1 2015(XOne),XOne
2014,7.1,0.24,Trials Fusion(XOne),XOne
2006,6.2,0.24,Far Cry Instincts Predator(X360),X360
2009,7.8,0.24,Cabela's Outdoor Adventures (2009)(X360),X360
2015,5.5,0.24,Skylanders: SuperChargers(XOne),XOne
2002,8.6,0.24,Genma Onimusha(XB),XB
2003,8.6,0.24,Corvette(XB),XB
2003,5.1,0.24,Burnout 2: Point of Impact(XB),XB
2003,8,0.24,Kill.Switch(XB),XB
2011,8,0.24,Dynasty Warriors 7(X360),X360
2001,8.5,0.24,Azurik: Rise of Perathia(XB),XB
2005,6.1,0.24,Dragon Ball Z: Sagas(XB),XB
2012,6.5,0.24,Asura's Wrath(X360),X360
2016,4,0.24,NHL 17(XOne),XOne
2009,5.2,0.24,Bakugan: Battle Brawlers(X360),X360
2015,6.7,0.24,Dragon Ball: XenoVerse(X360),X360
2011,6.1,0.24,The Adventures of Tintin: The Game(X360),X360
2013,6.2,0.24,Zumba Fitness: World Party(XOne),XOne
2001,6.2,0.24,4x4 EVO 2(XB),XB
2011,5.2,0.24,Dreamcast Collection(X360),X360
2016,8.3,0.24,Rocket League(XOne),XOne
2009,7.3,0.24,Dynasty Warriors 6 Empires(X360),X360
2006,8.4,0.24,FIFA World Cup Germany 2006(XB),XB
2009,4.7,0.24,G.I. Joe: The Rise of Cobra(X360),X360
2011,5,0.24,X-Men: Destiny(X360),X360
2013,4.3,0.24,Pro Evolution Soccer 2014(X360),X360
2009,6.2,0.24,Afro Samurai(X360),X360
2009,6.4,0.24,Divinity II: Ego Draconis(X360),X360
2003,9.1,0.23,NASCAR Thunder 2004(XB),XB
2002,9.1,0.23,Buffy the Vampire Slayer(XB),XB
2005,5.8,0.23,Harry Potter and the Goblet of Fire(XB),XB
2007,6.2,0.23,Viva Pinata: Party Animals(X360),X360
2002,8.8,0.23,World Series Baseball(XB),XB
2011,6.2,0.23,Virtua Tennis 4(X360),X360
2012,6.4,0.23,DiRT Showdown(X360),X360
2005,8,0.23,The Incredible Hulk: Ultimate Destruction(XB),XB
2005,8.6,0.23,NBA 2K6(X360),X360
2004,7.7,0.23,Mafia(XB),XB
2009,5.7,0.23,Dynasty Warriors: Strikeforce(X360),X360
2003,8.2,0.23,Freedom Fighters(XB),XB
2003,6.5,0.23,Soldier of Fortune II: Double Helix(XB),XB
2008,4.9,0.23,AC/DC LIVE: Rock Band Track Pack(X360),X360
2015,5.5,0.23,Guitar Hero Live(X360),X360
2014,4.1,0.23,F1 2014(X360),X360
2004,7.3,0.22,Conflict: Vietnam(XB),XB
2004,8.8,0.22,The Suffering(XB),XB
2002,4.3,0.22,Nickelodeon Party Blast(XB),XB
2004,7,0.22,Shellshock: Nam '67(XB),XB
2016,6.8,0.22,Dishonored 2(XOne),XOne
2008,5.6,0.22,NCAA Basketball 09(X360),X360
2014,6.7,0.22,Lords of the Fallen(XOne),XOne
2009,8.3,0.22,Ben 10 Alien Force: Vilgax Attacks(X360),X360
2009,6.6,0.22,Tropico 3(X360),X360
2014,7.3,0.22,Naruto Shippuden: Ultimate Ninja Storm Revolution(X360),X360
2011,6,0.22,Hunted: The Demon's Forge(X360),X360
2006,7.8,0.22,Full Auto(X360),X360
2014,6.4,0.22,The Crew(X360),X360
2006,6,0.21,Over G Fighters(X360),X360
2012,7.2,0.21,Armored Core V(X360),X360
2006,8.2,0.21,College Hoops 2K7(X360),X360
2013,6.7,0.21,The Bureau: XCOM Declassified(X360),X360
2002,7.5,0.21,BloodRayne(XB),XB
2005,7.5,0.21,NHL 2K6(XB),XB
2009,3.8,0.21,Hannah Montana: The Movie(X360),X360
2004,7,0.21,Tenchu: Return From Darkness(XB),XB
2009,6.2,0.21,The BIGS 2(X360),X360
2009,6.4,0.21,50 Cent: Blood on the Sand(X360),X360
2009,5.8,0.21,Bass Pro Shops: The Strike(X360),X360
2005,8.1,0.21,Darkwatch(XB),XB
2003,8.4,0.21,Cabela's Deer Hunt: 2004 Season(XB),XB
2008,8,0.21,SBK Superbike World Championship(X360),X360
2007,7.3,0.21,Rayman Raving Rabbids(X360),X360
2004,5.3,0.21,Unreal II: The Awakening(XB),XB
2007,2.9,0.21,Vampire Rain(X360),X360
2005,7.1,0.21,Batman Begins(XB),XB
2014,6.8,0.21,NBA Live 15(XOne),XOne
2002,8.2,0.21,JSRF: Jet Set Radio Future(XB),XB
2009,6.8,0.21,Way of the Samurai 3(X360),X360
2010,8.3,0.21,Greg Hastings Paintball 2(X360),X360
2010,4.7,0.21,Prison Break: The Conspiracy(X360),X360
2007,7.1,0.21,NCAA March Madness 07(X360),X360
2009,8.6,0.21,StokEd(X360),X360
2002,7.9,0.21,NHL 2003(XB),XB
2011,7.9,0.21,You Don't Know Jack(X360),X360
2010,7,0.21,Dead to Rights: Retribution(X360),X360
2003,6.4,0.21,X2: Wolverine's Revenge(XB),XB
2005,7.2,0.2,NCAA March Madness 06(XB),XB
2013,5.7,0.2,Sniper: Ghost Warrior 2(X360),X360
2002,8.5,0.2,Crazy Taxi 3: High Roller(XB),XB
2006,5.3,0.2,Midnight Club 3: DUB Edition Remix(XB),XB
2002,7.8,0.2,MLB SlugFest 20-03(XB),XB
2002,7.6,0.2,NBA 2K2(XB),XB
2008,7,0.2,Dark Messiah of Might and Magic Elements(X360),X360
2014,6.4,0.2,Teenage Mutant Ninja Turtles: Danger of the Ooze(X360),X360
2013,3.1,0.2,NBA Live 14(XOne),XOne
2010,7.2,0.2,DarkStar One: Broken Alliance(X360),X360
2016,7.3,0.2,Dragon Ball: Xenoverse 2(XOne),XOne
2010,4.8,0.2,Body and Brain Connection(X360),X360
2003,9,0.2,MVP Baseball 2003(XB),XB
2007,6.4,0.2,Monster Jam(X360),X360
2005,6,0.2,"The Chronicles of Narnia: The Lion, The Witch and The Wardrobe(XB)",XB
2003,7.4,0.2,IHRA Drag Racing 2004(XB),XB
2010,6.1,0.2,Front Mission Evolved(X360),X360
2005,8.8,0.2,From Russia With Love(XB),XB
2005,7.1,0.2,Ridge Racer 6(X360),X360
2012,8.8,0.2,Zone of the Enders HD Collection(X360),X360
2008,7,0.2,Record of Agarest War(X360),X360
2001,8.2,0.2,Dave Mirra Freestyle BMX 2(XB),XB
2007,5.6,0.2,Soldier of Fortune: Payback(X360),X360
2008,7.1,0.2,Baja: Edge of Control(X360),X360
2002,6.6,0.2,The Thing(XB),XB
2002,8.3,0.2,Baldur's Gate: Dark Alliance(XB),XB
2007,7.4,0.2,Warriors Orochi(X360),X360
2002,4.3,0.19,Big Mutha Truckers(XB),XB
2007,7.3,0.19,Conan(X360),X360
2004,7.9,0.19,Manhunt(XB),XB
2008,7,0.19,Dynasty Warriors: Gundam 2(X360),X360
2010,5.9,0.19,DanceMasters(X360),X360
2006,6.9,0.19,Enchanted Arms(X360),X360
2008,4.9,0.19,Conflict: Denied Ops(X360),X360
2003,7.9,0.19,Legacy of Kain: Defiance(XB),XB
2006,6.5,0.19,Final Fantasy XI(X360),X360
2013,3,0.19,Fighter Within(XOne),XOne
2002,9,0.19,2002 FIFA World Cup(XB),XB
2004,8.4,0.19,Sudeki(XB),XB
2010,8.1,0.19,Majin and the Forsaken Kingdom(X360),X360
2012,5.6,0.19,Silent Hill HD Collection(X360),X360
2008,6.3,0.19,FaceBreaker(X360),X360
2004,8.8,0.19,Harry Potter and the Prisoner of Azkaban(XB),XB
2009,6.4,0.19,Risen(X360),X360
2007,6.8,0.19,Dynasty Warriors Gundam(X360),X360
2012,8,0.19,Binary Domain(X360),X360
2002,8.2,0.19,Sega GT 2002(XB),XB
2002,9,0.19,Blood Omen 2(XB),XB
2011,8.2,0.19,Earth Defense Force: Insect Armageddon(X360),X360
2003,7.5,0.19,Harry Potter: Quidditch World Cup(XB),XB
2014,7,0.19,Dance Central: Spotlight(XOne),XOne
2008,4.2,0.19,NBA Ballers: Chosen One(X360),X360
2006,6.8,0.19,Tiger Woods PGA Tour 07(XB),XB
2010,8.3,0.19,SBK X: Superbike World Championship(X360),X360
2011,8.4,0.19,Shadows of the Damned(X360),X360
2011,3.5,0.18,Cabela's Survival: Shadows of Katmai(X360),X360
2005,7.8,0.18,Close Combat: First to Fight(XB),XB
2003,8.6,0.18,Indiana Jones and the Emperor's Tomb(XB),XB
2002,8.5,0.18,Ty the Tasmanian Tiger(XB),XB
2005,2.8,0.18,NARC(XB),XB
2014,8.3,0.18,Shape Up(XOne),XOne
2005,7.8,0.18,Gauntlet: Seven Sorrows(XB),XB
2001,7.1,0.18,AirForce Delta Storm(XB),XB
2015,7.2,0.18,Metal Gear Solid V: The Phantom Pain(X360),X360
2012,7.1,0.18,Syndicate(X360),X360
2012,6.2,0.18,Zumba Fitness Rush(X360),X360
2007,6.9,0.18,Call of Juarez(X360),X360
2001,8.3,0.18,Test Drive Off-Road Wide Open(XB),XB
2004,5.9,0.18,Bad Boys: Miami Takedown(XB),XB
2004,8.3,0.18,Cabela's Big Game Hunter 2005 Adventures(XB),XB
2008,7.5,0.18,The Chronicles of Narnia: Prince Caspian(X360),X360
2005,5.5,0.18,Shadow The Hedgehog(XB),XB
2010,8.1,0.18,World of Outlaws: Sprint Cars(X360),X360
2007,7.6,0.18,Van Helsing(XB),XB
2012,5.1,0.18,Grand Slam Tennis 2(X360),X360
2010,5.3,0.18,Ben 10 Ultimate Alien: Cosmic Destruction(X360),X360
2010,7.9,0.18,Pure Futbol(X360),X360
2004,8.3,0.18,Silent Hill 4: The Room(XB),XB
2013,7.5,0.18,Remember Me(X360),X360
2010,7.6,0.18,Splatterhouse(X360),X360
2005,9.1,0.18,Juiced(XB),XB
2011,5,0.18,Cabela's Big Game Hunter: Hunting Party(X360),X360
2007,6.9,0.18,College Hoops 2K8(X360),X360
2008,5.5,0.18,Madden NFL 09(XB),XB
2010,7.8,0.18,Dynasty Warriors: Gundam 3(X360),X360
2003,6.5,0.18,NHL 2004(XB),XB
2009,7.1,0.18,Velvet Assassin(X360),X360
2014,7,0.17,Project Spark(XOne),XOne
2009,7,0.17,Race Pro(X360),X360
2003,8.2,0.17,NBA Inside Drive 2004(XB),XB
2003,8.7,0.17,Metal Arms: Glitch in the System(XB),XB
2008,6.7,0.17,NHL 2K9(X360),X360
2016,0.7,0.17,Madden NFL 17(X360),X360
2004,7.9,0.17,Psi-Ops: The Mindgate Conspiracy(XB),XB
2006,6.1,0.17,X-Men: The Official Game(X360),X360
2003,6.3,0.17,SWAT: Global Strike Team(XB),XB
2013,7.2,0.17,Hitman: HD Trilogy(X360),X360
2006,6.8,0.17,Top Spin 2(X360),X360
2003,8.6,0.17,Hunter: The Reckoning Redeemer(XB),XB
2011,6.4,0.17,Captain America: Super Soldier(X360),X360
2004,7.3,0.17,Thief: Deadly Shadows(XB),XB
2012,5.2,0.17,Country Dance: All Stars(X360),X360
2003,9.2,0.17,Spawn: Armageddon(XB),XB
2007,5.8,0.17,Bee Movie Game(X360),X360
2016,7.2,0.17,Deus Ex: Mankind Divided(XOne),XOne
2010,5.7,0.17,MotoGP 09/10(X360),X360
2009,6.6,0.17,Monsters vs. Aliens(X360),X360
2012,7.9,0.17,Anarchy Reigns(X360),X360
2009,6.2,0.17,Fairytale Fights(X360),X360
2002,7.3,0.17,Gunvalkyrie(XB),XB
2003,6.3,0.17,State of Emergency(XB),XB
2007,5.2,0.17,Fuzion Frenzy 2(X360),X360
2010,4.8,0.17,CSI: Fatal Conspiracy(X360),X360
2014,2.9,0.17,How to Train Your Dragon 2(X360),X360
2009,7,0.17,G-Force(X360),X360
2003,5,0.17,Backyard Wrestling: Don't Try This at Home(XB),XB
2002,8.9,0.17,Gauntlet: Dark Legacy(XB),XB
2014,5.1,0.17,NASCAR '14(X360),X360
2006,7.2,0.17,25 to Life(XB),XB
2010,4.2,0.17,Naval Assault: The Killing Tide(X360),X360
2015,3.8,0.17,NASCAR '15(X360),X360
2004,6.4,0.17,Leisure Suit Larry: Magna Cum Laude(XB),XB
2004,8.2,0.17,FlatOut(XB),XB
2009,5.1,0.16,Blood Bowl(X360),X360
2009,2.5,0.16,Leisure Suit Larry: Box Office Bust(X360),X360
2010,4.1,0.16,Clash of the Titans(X360),X360
2016,4.4,0.16,Mirror's Edge Catalyst(XOne),XOne
2010,6.4,0.16,Apache: Air Assault(X360),X360
2011,7,0.16,El Shaddai: Ascension of the Metatron(X360),X360
2005,8.9,0.16,TimeSplitters: Future Perfect(XB),XB
2007,2.8,0.16,Thrillville: Off the Rails(X360),X360
2014,7,0.16,Murdered: Soul Suspect(XOne),XOne
2003,8.8,0.16,Dynasty Warriors 4(XB),XB
2011,8.1,0.16,Warriors Orochi 3(X360),X360
2006,8.7,0.16,Culdcept SAGA(X360),X360
2013,6.9,0.16,Angry Birds Star Wars(XOne),XOne
2006,6.5,0.16,Blitz: The League(X360),X360
2016,8.3,0.16,BioShock The Collection(XOne),XOne
2010,5.3,0.16,Shaun White Skateboarding(X360),X360
2005,7.1,0.16,Amped 3(X360),X360
2004,6.2,0.16,NHL 2005(XB),XB
2009,6.8,0.16,Sherlock Holmes vs. Jack the Ripper(X360),X360
2010,7.3,0.16,Fist of the North Star: Ken's Rage(X360),X360
2009,5,0.16,Chaotic: Shadow Warriors(X360),X360
2014,7.5,0.15,Fantasia: Music Evolved(XOne),XOne
2009,6.8,0.15,Stormrise(X360),X360
2015,8,0.15,Wolfenstein: The Old Blood(XOne),XOne
2004,5.9,0.15,American Chopper(XB),XB
2013,7.5,0.15,Dynasty Warriors 8(X360),X360
2005,7.5,0.15,Kingdom Under Fire: Heroes(XB),XB
2002,5.2,0.15,The Terminator: Dawn of Fate(XB),XB
2012,8.9,0.15,Birds of Steel(X360),X360
2009,5.8,0.15,Cars: Race-O-Rama(X360),X360
2006,8.6,0.15,Project Sylpheed: Arc of Deception(X360),X360
2011,7.5,0.15,de Blob 2(X360),X360
2010,6.3,0.15,Marvel Super Hero Squad: The Infinity Gauntlet(X360),X360
2003,8.6,0.15,World Series Baseball 2K3(XB),XB
2002,8.2,0.15,Serious Sam(XB),XB
2004,6.4,0.15,Street Fighter Anniversary Collection(XB),XB
2004,6.1,0.15,Shadow Ops: Red Mercury(XB),XB
2005,6,0.15,FIFA 06: Road to FIFA World Cup(X360),X360
2002,7.3,0.15,Rocky(XB),XB
2004,8.5,0.15,BloodRayne 2(XB),XB
2006,6.2,0.15,Jaws Unleashed(XB),XB
2016,7.2,0.15,Battleborn(XOne),XOne
2008,7.7,0.15,Armored Core: For Answer(X360),X360
2004,8.7,0.15,Crash: Twinsanity(XB),XB
2006,8.5,0.15,Arena Football(XB),XB
2005,8.2,0.15,Super Monkey Ball Deluxe(XB),XB
2011,4.4,0.15,The Cursed Crusade(X360),X360
2013,8.1,0.15,Earth Defense Force 2025(X360),X360
2009,7.9,0.15,NHL 2K10(X360),X360
2001,7.7,0.15,Mad Dash Racing(XB),XB
2004,7.6,0.15,Guilty Gear X2 #Reload(XB),XB
2016,6.6,0.15,ReCore(XOne),XOne
2003,7.3,0.14,Grabbed by the Ghoulies(XB),XB
2007,7.8,0.14,Cars: Mater-National Championship(X360),X360
2005,3,0.14,L.A. Rush(XB),XB
2011,5.7,0.14,Thor: God of Thunder(X360),X360
2003,2,0.14,Terminator 3: Rise of the Machines(XB),XB
2005,8.1,0.14,SSX On Tour(XB),XB
2002,8.4,0.14,NCAA College Basketball 2K3(XB),XB
2006,9.1,0.14,Hitman: Blood Money(XB),XB
2014,5.7,0.14,Metal Gear Solid V: Ground Zeroes(X360),X360
2002,7.8,0.14,NFL Blitz 20-03(XB),XB
2014,7.3,0.14,Pro Evolution Soccer 2015(XOne),XOne
2012,6,0.14,Risen 2: Dark Waters(X360),X360
2004,9.1,0.14,Spyro: A Hero's Tail(XB),XB
2014,6.8,0.14,Pro Evolution Soccer 2015(X360),X360
2006,5,0.14,Cabela's African Safari(X360),X360
2006,7.2,0.14,Just Cause(X360),X360
2009,5.4,0.14,X-Blades(X360),X360
2016,4.1,0.14,Homefront: The Revolution(XOne),XOne
2004,8.2,0.14,Godzilla: Save the Earth(XB),XB
2002,8.4,0.14,Enclave(XB),XB
2003,4.1,0.14,Dino Crisis 3(XB),XB
2015,7.9,0.14,Transformers: Devastation(XOne),XOne
2006,5.7,0.14,Eragon(X360),X360
2007,7.8,0.14,Blazing Angels 2: Secret Missions of WWII(X360),X360
2010,7.6,0.14,How to Train Your Dragon(X360),X360
2009,8.1,0.14,Heroes over Europe(X360),X360
2010,5.8,0.14,Create(X360),X360
2003,9.1,0.14,NBA Jam(XB),XB
2011,4.7,0.14,NCIS(X360),X360
2003,9.1,0.14,Apex(XB),XB
2006,7.7,0.14,MotoGP '06(X360),X360
2003,8.5,0.14,Gladius(XB),XB
2002,5.8,0.14,Legends of Wrestling(XB),XB
2002,4,0.13,Blade II(XB),XB
2011,7.6,0.13,Nicktoons: MLB(X360),X360
2011,2.2,0.13,Hulk Hogan's Main Event(X360),X360
2010,7.8,0.13,Divinity II: The Dragon Knight Saga(X360),X360
2007,7.4,0.13,NHL 2K8(X360),X360
2016,8.7,0.13,Life is Strange(XOne),XOne
2004,9,0.13,Chessmaster(XB),XB
2002,6,0.13,Superman: The Man of Steel(XB),XB
2007,4.2,0.13,Fatal Inertia(X360),X360
2011,7.8,0.13,Kung-Fu: High Impact(X360),X360
2006,7.2,0.13,Tomb Raider: Legend(XB),XB
2006,6.6,0.13,Rumble Roses XX(X360),X360
2003,6.8,0.13,Mission: Impossible - Operation Surma(XB),XB
2005,9.2,0.13,Mega Man Anniversary Collection(XB),XB
2006,8.1,0.13,Sonic Riders(XB),XB
2002,8,0.13,Shrek Super Party(XB),XB
2010,7.3,0.13,Venetica(X360),X360
2012,7.3,0.13,Persona 4: Arena(X360),X360
2006,5.6,0.13,Cabela's Alaskan Adventure(X360),X360
2005,8.2,0.13,Heroes of the Pacific(XB),XB
2003,8.3,0.13,RollerCoaster Tycoon(XB),XB
2002,5.7,0.13,NightCaster(XB),XB
2002,8.5,0.13,Otogi: Myth of Demons(XB),XB
2011,8,0.13,Rango: The Video Game(X360),X360
2004,5.6,0.13,Teenage Mutant Ninja Turtles 2: Battle Nexus(XB),XB
2012,2.4,0.13,Steel Battalion: Heavy Armor(X360),X360
2011,7.2,0.13,Green Lantern: Rise of the Manhunters(X360),X360
2003,8.4,0.13,All-Star Baseball 2004(XB),XB
2006,6.4,0.13,Onechanbara: Bikini Samurai Squad(X360),X360
2005,8.8,0.13,Spartan: Total Warrior(XB),XB
2011,6.5,0.13,Victorious: Time to Shine(X360),X360
2004,7.8,0.13,High Rollers Casino(XB),XB
2005,7.5,0.13,Advent Rising(XB),XB
2006,8.2,0.13,Dynasty Warriors 5 Empires(X360),X360
2002,6.6,0.13,Burnout(XB),XB
2009,7.2,0.13,Jurassic: The Hunted(X360),X360
2007,3,0.13,Hour of Victory(X360),X360
2005,7.8,0.13,Crash Tag Team Racing(XB),XB
2002,8.1,0.13,Quantum Redshift(XB),XB
2003,7.2,0.13,Armed and Dangerous(XB),XB
2015,5.7,0.12,Deadpool(XOne),XOne
2016,8,0.12,DiRT Rally(XOne),XOne
2009,7,0.12,Eat Lead: The Return of Matt Hazard(X360),X360
2009,1.3,0.12,Are You Smarter than a 5th Grader? Game Time(X360),X360
2004,7.2,0.12,Lemony Snicket's A Series of Unfortunate Events(XB),XB
2009,7.5,0.12,Ice Age: Dawn of the Dinosaurs(X360),X360
2003,5.8,0.12,Red Faction II(XB),XB
2003,8.4,0.12,Voodoo Vince(XB),XB
2011,4.5,0.12,Blackwater(X360),X360
2002,7.4,0.12,Chase: Hollywood Stunt Driver(XB),XB
2013,7.2,0.12,Killer is Dead(X360),X360
2010,4.3,0.12,Megamind: Ultimate Showdown(X360),X360
2001,8.4,0.12,Cel Damage(XB),XB
2004,8.2,0.12,Breakdown(XB),XB
2016,6.9,0.12,Lego Star Wars: The Force Awakens(X360),X360
2013,5.4,0.12,The Smurfs 2(X360),X360
2008,7.3,0.12,NPPL: Championship Paintball 2009(X360),X360
2006,7.3,0.12,College Hoops 2K6(X360),X360
2015,2.1,0.12,Tony Hawk's Pro Skater 5(XOne),XOne
2009,8.3,0.12,Pinball Hall of Fame: The Williams Collection(X360),X360
2016,3.4,0.12,NBA 2K17(X360),X360
2010,2.1,0.12,Power Gig: Rise of the SixString(X360),X360
2010,5,0.12,Monster Jam: Path of Destruction(X360),X360
2006,7.1,0.12,NFL Head Coach(XB),XB
2011,3.5,0.12,Deepak Chopra's Leela(X360),X360
2005,9,0.12,Psychonauts(XB),XB
2008,7.8,0.12,Raiden IV(X360),X360
2006,7.4,0.12,Phantasy Star Universe(X360),X360
2005,7,0.12,Castlevania: Curse of Darkness(XB),XB
2013,5.8,0.12,Lost Planet 3(X360),X360
2004,7.3,0.12,CSI: Crime Scene Investigation(XB),XB
2003,8.4,0.12,Buffy the Vampire Slayer: Chaos Bleeds(XB),XB
2002,7.1,0.12,NHL 2K3(XB),XB
2011,5,0.12,Self-Defense Training Camp(X360),X360
2003,9.1,0.12,Sphinx and the Cursed Mummy(XB),XB
2004,7.5,0.11,Cabela's Deer Hunt 2005 Season(XB),XB
2004,8.1,0.11,Dead Man's Hand(XB),XB
2007,5.4,0.11,Fantastic Four: Rise of the Silver Surfer(X360),X360
2007,5.2,0.11,Monster Madness: Battle for Suburbia(X360),X360
2008,8.4,0.11,NFL Head Coach 09(X360),X360
2010,6.5,0.11,Blood Drive(X360),X360
2004,8.5,0.11,Phantom Dust(XB),XB
2005,8.1,0.11,Stubbs the Zombie in Rebel Without a Pulse(XB),XB
2003,3.6,0.11,Batman: Dark Tomorrow(XB),XB
2008,6.7,0.11,Warhammer: Battle March(X360),X360
2003,7.7,0.11,Batman: Rise of Sin Tzu(XB),XB
2009,4.2,0.11,The King of Fighters XII(X360),X360
2005,8,0.11,Spy vs Spy(XB),XB
2002,8.5,0.11,NHL Hitz 20-03(XB),XB
2002,7.5,0.11,Murakumo: Renegade Mech Pursuit(XB),XB
2002,7.6,0.11,Gun Metal(XB),XB
2009,5.4,0.11,Where the Wild Things Are(X360),X360
2006,7.3,0.11,Open Season(X360),X360
2008,5.3,0.11,Space Chimps(X360),X360
2012,7.7,0.11,Ridge Racer Unbounded(X360),X360
2003,8.4,0.11,ESPN NHL Hockey(XB),XB
2010,5.2,0.11,Truth or Lies(X360),X360
2005,7,0.11,Project: Snowblind(XB),XB
2003,8.3,0.11,Disney's Extreme Skate Adventure(XB),XB
2008,7,0.11,Karaoke Revolution Presents American Idol Encore(X360),X360
2009,7.1,0.11,Night at the Museum: Battle of the Smithsonian(X360),X360
2003,8.8,0.11,NHL Rivals 2004(XB),XB
2011,4.7,0.11,Bodycount(X360),X360
2011,3.5,0.11,Michael Phelps: Push the Limit(X360),X360
2016,8.2,0.11,Batman: Return to Arkham(XOne),XOne
2005,0.5,0.11,Charlie and the Chocolate Factory(XB),XB
2004,8.8,0.11,Ty the Tasmanian Tiger 2: Bush Rescue(XB),XB
2002,7.8,0.11,BMX XXX(XB),XB
2006,3.8,0.11,Pimp My Ride(X360),X360
2008,5.7,0.11,Hellboy: The Science of Evil(X360),X360
2015,5.6,0.11,NBA Live 16(XOne),XOne
2008,7.5,0.11,Grand Theft Auto: San Andreas(X360),X360
2015,7.2,0.11,Zombie Army Trilogy(XOne),XOne
2010,9,0.11,Cabela's North American Adventures(X360),X360
2010,6.2,0.11,Shrek: Forever After(X360),X360
2015,6.2,0.11,Pro Evolution Soccer 2016(XOne),XOne
2009,2.8,0.11,Rogue Warrior(X360),X360
2003,8.2,0.11,Mace Griffin: Bounty Hunter(XB),XB
2004,4.7,0.11,Fight Club(XB),XB
2007,8.8,0.11,FlatOut: Ultimate Carnage(X360),X360
2005,7.4,0.11,Dead to Rights II(XB),XB
2014,6.5,0.11,Pac-Man and the Ghostly Adventures 2(X360),X360
2011,5.3,0.1,Family Feud: 2012 Edition(X360),X360
2003,7.3,0.1,UFC: Tapout 2(XB),XB
2003,8.5,0.1,Vexx(XB),XB
2005,7.4,0.1,Pariah(XB),XB
2004,5.1,0.1,Metal Slug 3(XB),XB
2006,6.5,0.1,Winning Eleven: Pro Evolution Soccer 2007(X360),X360
2011,6.3,0.1,The First Templar(X360),X360
2003,7,0.1,Syberia(XB),XB
2012,6.5,0.1,Blades of Time(X360),X360
2008,8.3,0.1,Universe at War: Earth Assault(X360),X360
2015,5.3,0.1,Ride(XOne),XOne
2012,3.4,0.1,NASCAR The Game: Inside Line(X360),X360
2004,8.1,0.1,Colin McRae Rally 04(XB),XB
2005,8,0.1,FIFA Street(XB),XB
2004,6.2,0.1,Hot Wheels: Stunt Track Challenge(XB),XB
2008,7.2,0.1,Blitz: The League II(X360),X360
2003,8.7,0.1,Capcom vs. SNK 2 EO(XB),XB
2007,6.1,0.1,Surf's Up(X360),X360
2006,8.1,0.1,X-Men: The Official Game(XB),XB
2005,7.9,0.1,Conflict: Global Terror(XB),XB
2011,5.1,0.1,Alvin and the Chipmunks: Chipwrecked(X360),X360
2010,6.8,0.1,Record of Agarest War Zero(X360),X360
2002,8,0.1,Kelly Slater's Pro Surfer(XB),XB
2008,3.1,0.1,NFL Tour(X360),X360
2015,7.5,0.1,Resident Evil: Revelations 2(XOne),XOne
2004,8.8,0.1,The Bard's Tale(XB),XB
2014,7.2,0.1,Murdered: Soul Suspect(X360),X360
2010,7.1,0.1,nail'd(X360),X360
2006,6.1,0.1,Bullet Witch(X360),X360
2004,7.4,0.1,Silent Scope Complete(XB),XB
2005,7.7,0.1,Indigo Prophecy(XB),XB
2002,4.6,0.1,Sneakers(XB),XB
2005,6.1,0.1,NHL 2K6(X360),X360
2005,9.2,0.1,College Hoops 2K6(XB),XB
2005,8,0.1,Predator: Concrete Jungle(XB),XB
2004,5.2,0.1,Rocky: Legends(XB),XB
2012,5.5,0.1,NeverDead(X360),X360
2015,7,0.1,Pro Evolution Soccer 2016(X360),X360
2010,5.5,0.1,MySims SkyHeroes(X360),X360
2011,4.6,0.1,Man vs. Wild(X360),X360
2003,8.5,0.1,MotoGP 2(XB),XB
2002,8.5,0.1,Steel Battalion(XB),XB
2009,4.8,0.1,Darkest of Days(X360),X360
2016,6,0.1,Skylanders Imaginators(XOne),XOne
2002,5,0.1,Minority Report: Everybody Runs(XB),XB
2011,7,0.09,Rio(X360),X360
2005,4.1,0.09,Playboy: The Mansion(XB),XB
2011,1.2,0.09,MindJack(X360),X360
2004,6.4,0.09,Crash 'N' Burn(XB),XB
2011,6.5,0.09,Winter Stars(X360),X360
2007,6.8,0.09,Bladestorm: The Hundred Years' War(X360),X360
2009,3.5,0.09,Raven Squad: Operation Hidden Dagger(X360),X360
2002,8.4,0.09,MotoGP(XB),XB
2010,5.2,0.09,Arcania: Gothic 4(X360),X360
2010,3.8,0.09,Backyard Sports: Sandlot Sluggers(X360),X360
2005,8.7,0.09,Ninja Gaiden Black(XB),XB
2004,8,0.09,Trivial Pursuit unhinged(XB),XB
2005,9.3,0.09,Shrek SuperSlam(XB),XB
2011,8.8,0.09,Jimmie Johnson's Anything With an Engine(X360),X360
2014,7.8,0.09,Castlevania: Lords of Shadow 2(X360),X360
2011,4.5,0.09,JASF: Jane's Advanced Strike Fighters(X360),X360
2010,3.6,0.09,Quantum Theory(X360),X360
2015,3.4,0.09,SpongeBob: HeroPants(X360),X360
2007,7.3,0.09,Zoids Assault(X360),X360
2008,5.7,0.09,Supreme Commander(X360),X360
2002,9.2,0.09,Transworld Snowboarding(XB),XB
2004,8.4,0.09,World Soccer Winning Eleven 8 International(XB),XB
2005,8.5,0.09,Sniper Elite(XB),XB
2004,8.7,0.09,Test Drive: Eve of Destruction(XB),XB
2002,8.2,0.09,Crimson Sea(XB),XB
2014,6,0.09,GRID Autosport(X360),X360
2005,9.1,0.09,The Suffering: Ties That Bind(XB),XB
2006,7.5,0.09,Spectral Force 3(X360),X360
2008,6.6,0.09,Battle Fantasia(X360),X360
2004,8.5,0.09,Karaoke Revolution(XB),XB
2004,6.5,0.09,Forgotten Realms: Demon Stone(XB),XB
2005,7.3,0.09,Tim Burton's The Nightmare Before Christmas: Oogie's Revenge(XB),XB
2015,3.1,0.09,Rugby 15(XOne),XOne
2009,5.9,0.09,ShellShock 2: Blood Trails(X360),X360
2007,7.1,0.09,F.E.A.R. Files(X360),X360
2009,6.5,0.09,Cloudy With a Chance of Meatballs(X360),X360
2007,8.1,0.08,NCAA Football 08(XB),XB
2007,6.7,0.08,America's Army: True Soldiers(X360),X360
2008,7.5,0.08,Raiden Fighters Aces(X360),X360
2003,9.2,0.08,Sega GT Online(XB),XB
2003,7.7,0.08,Aliens versus Predator: Extinction(XB),XB
2006,7.1,0.08,FIFA Street 2(XB),XB
2006,6.8,0.08,Blazing Angels: Squadrons of WWII(XB),XB
2006,7.9,0.08,NHL 2K7(X360),X360
2015,8.4,0.08,Transformers: Devastation(X360),X360
2009,8,0.08,Tornado Outbreak(X360),X360
2014,7.4,0.08,Persona 4: Arena Ultimax(X360),X360
2011,6.2,0.08,Supremacy MMA(X360),X360
2003,5.8,0.08,The Italian Job(XB),XB
2009,5.2,0.08,Samurai Shodown Sen(X360),X360
2007,6.8,0.08,Looney Tunes: Acme Arsenal(X360),X360
2003,8.4,0.08,High Heat Major League Baseball 2004(XB),XB
2011,5.6,0.08,Knights Contract(X360),X360
2013,5.1,0.08,PAC-MAN and the Ghostly Adventures(X360),X360
2006,7.7,0.08,Earth Defense Force 2017(X360),X360
2003,7.4,0.08,RoadKill(XB),XB
2007,6.7,0.08,World Series of Poker 2008: Battle for the Bracelets(X360),X360
2016,7.6,0.08,Assassin's Creed The Ezio Collection(XOne),XOne
2006,8.7,0.08,Samurai Warriors 2(X360),X360
2004,7,0.08,The Dukes of Hazzard: Return of the General Lee(XB),XB
2009,5.3,0.08,Infernal: Hell's Vengeance(X360),X360
2014,8.5,0.08,The Wolf Among Us(XOne),XOne
2004,8.4,0.08,Vietcong: Purple Haze(XB),XB
2006,6.3,0.08,Far Cry Instincts Evolution(XB),XB
2002,8.9,0.08,Dynasty Warriors 3(XB),XB
2004,5.4,0.08,MTV Music Generator 3: This Is the Remix(XB),XB
2003,7.9,0.07,Rayman 3: Hoodlum Havoc(XB),XB
2010,8,0.07,Legend of the Guardians: The Owls of Ga'Hoole(X360),X360
2012,5.5,0.07,Damage Inc.: Pacific Squadron WWII(X360),X360
2005,8.2,0.07,Still Life(XB),XB
2005,3.4,0.07,Big Mutha Truckers 2(XB),XB
2009,6.5,0.07,SpongeBob's Truth or Square(X360),X360
2003,8.4,0.07,I-Ninja(XB),XB
2002,8.4,0.07,Commandos 2: Men of Courage(XB),XB
2006,4.1,0.07,Kengo: Legend of The 9(X360),X360
2005,8.5,0.07,Combat: Task Force 121(XB),XB
2002,5,0.07,Circus Maximus: Chariot Wars(XB),XB
2002,8.3,0.07,James Cameron's Dark Angel(XB),XB
2007,7,0.07,Operation Darkness(X360),X360
2014,3.8,0.07,Escape Dead Island(X360),X360
2004,8,0.07,Second Sight(XB),XB
2009,4.6,0.07,MLB Front Office Manager(X360),X360
2015,6.6,0.07,Resident Evil: Revelations 2(X360),X360
2003,6,0.07,Harry Potter and the Sorcerer's Stone(XB),XB
2009,5.6,0.07,Damnation(X360),X360
2004,9,0.07,Samurai Warriors(XB),XB
2015,2.8,0.07,Tony Hawk's Pro Skater 5(X360),X360
2004,5.4,0.07,The Guy Game(XB),XB
2014,7,0.07,Fantasia: Music Evolved(X360),X360
2014,6.8,0.07,Dynasty Warriors 8: Empires(XOne),XOne
2004,7.8,0.07,Pitfall: The Lost Expedition(XB),XB
2006,5.9,0.07,Bionicle Heroes(X360),X360
2011,6.2,0.07,Ultimate Marvel vs. Capcom 3(X360),X360
2003,8.8,0.07,Jurassic Park: Operation Genesis(XB),XB
2006,4.6,0.07,Driver: Parallel Lines(XB),XB
2014,5.1,0.07,Dragon Ball Z: Battle of Z(X360),X360
2003,8.1,0.07,World Racing(XB),XB
2015,6.3,0.07,BlazBlue: Chrono Phantasma Extend(XOne),XOne
2011,8.6,0.07,Mayhem 3D(X360),X360
2004,8,0.07,Worms Forts: Under Siege(XB),XB
2003,8.8,0.07,NHL Hitz Pro(XB),XB
2014,4.4,0.06,Risen 3: Titan Lords(X360),X360
2004,5,0.06,Wings of War(XB),XB
2005,6.9,0.06,187: Ride or Die(XB),XB
2001,2.5,0.06,Kabuki Warriors(XB),XB
2005,7.8,0.06,World Poker Tour(XB),XB
2003,1.5,0.06,Bionicle(XB),XB
2002,7.7,0.06,Aggressive Inline(XB),XB
2012,7.1,0.06,Fist of the North Star: Ken's Rage 2(X360),X360
2001,5.5,0.06,F1 2001(XB),XB
2005,5.8,0.06,Land of the Dead: Road to Fiddler's Green(XB),XB
2016,5.8,0.06,One Piece: Burning Blood(XOne),XOne
2016,7.7,0.06,TrackMania Turbo(XOne),XOne
2011,4,0.06,Generator Rex: Agent of Providence(X360),X360
2014,4.8,0.06,MX vs. ATV Supercross(X360),X360
2005,7.6,0.06,Cold Fear(XB),XB
2005,8.1,0.06,Call of Cthulhu: Dark Corners of the Earth(XB),XB
2004,8.6,0.06,Terminator 3: The Redemption(XB),XB
2005,6.7,0.06,Serious Sam II(XB),XB
2016,6.9,0.06,Song of the Deep(XOne),XOne
2014,5.7,0.06,Digimon All-Star Rumble(X360),X360
2003,8.4,0.06,Worms 3D(XB),XB
2014,7.5,0.06,Adventure Time: The Secret of the Nameless Kingdom(X360),X360
2008,3.3,0.06,Jumper: Griffin's Story(X360),X360
2004,4.3,0.06,Tron 2.0: Killer App(XB),XB
2007,6.1,0.06,The History Channel: Battle for the Pacific(X360),X360
2015,8.4,0.06,Toy Soldiers: War Chest(XOne),XOne
2012,6.5,0.06,Inversion(X360),X360
2009,5,0.06,Brave: A Warrior's Tale(X360),X360
2002,8.6,0.06,Fatal Frame(XB),XB
2004,4.6,0.06,Catwoman(XB),XB
2012,3.5,0.06,Top Gun: Hard Lock(X360),X360
2008,8.1,0.06,Warriors Orochi 2(X360),X360
2005,7.1,0.06,Constantine(XB),XB
2014,7.2,0.06,Tropico 5(X360),X360
2006,6.8,0.06,NBA Live 07(XB),XB
2013,1.3,0.06,Ride to Hell(X360),X360
2008,6.1,0.06,Hail to the Chimp(X360),X360
2016,5.2,0.05,7 Days to Die(XOne),XOne
2003,8.8,0.05,Speed Kings(XB),XB
2003,7.1,0.05,Gladiator: Sword of Vengeance(XB),XB
2002,8.5,0.05,Sega Soccer Slam(XB),XB
2005,8,0.05,Dynasty Warriors 5(XB),XB
2004,8.1,0.05,UEFA Euro 2004: Portugal(XB),XB
2003,6.6,0.05,NFL Blitz Pro(XB),XB
2003,8.8,0.05,Wakeboarding Unleashed Featuring Shaun Murray(XB),XB
2016,4.9,0.05,Dead Island Definitive Collection(XOne),XOne
2007,8.2,0.05,UEFA Champions League 2006-2007(X360),X360
2003,8.3,0.05,Otogi 2: Immortal Warriors(XB),XB
2010,6.3,0.05,Lucha Libre AAA: Heroes del Ring(X360),X360
2004,5.5,0.05,Fallout: Brotherhood of Steel(XB),XB
2003,7.8,0.05,IndyCar Series(XB),XB
2015,7.1,0.05,Bladestorm: Nightmare(XOne),XOne
2014,4.1,0.05,Sacred 3(X360),X360
2015,7.1,0.05,Wasteland 2(XOne),XOne
2010,8.6,0.05,DoDonPachi Resurrection(X360),X360
2010,6.6,0.05,MorphX(X360),X360
2002,8.3,0.05,Phantom Crash(XB),XB
2004,6,0.05,Alias(XB),XB
2003,8.2,0.05,Arx Fatalis(XB),XB
2012,6.7,0.05,Zumba Fitness Core(X360),X360
2008,5.9,0.05,Deadliest Catch: Alaskan Storm(X360),X360
2005,3.4,0.05,Crime Life: Gang Wars(XB),XB
2005,7.7,0.05,Rugby 2005(XB),XB
2004,8.3,0.05,Fatal Frame II: Crimson Butterfly Director's Cut(XB),XB
2006,7.5,0.05,The Lord of the Rings: The Battle for Middle-Earth II(X360),X360
2004,7.5,0.05,Colin McRae Rally 2005(XB),XB
2008,5.5,0.05,Secret Service(X360),X360
2002,7.2,0.05,Kakuto Chojin(XB),XB
2005,8.1,0.05,Raze's Hell(XB),XB
2002,7,0.05,NightCaster II: Equinox(XB),XB
2016,6.1,0.05,Pro Evolution Soccer 2017(XOne),XOne
2013,6.1,0.05,SpongeBob SquarePants: Plankton's Robotic Revenge(X360),X360
2007,3,0.05,Cabela's Trophy Bucks(X360),X360
2016,8.1,0.05,XCOM 2(XOne),XOne
2014,5.3,0.05,Yaiba: Ninja Gaiden Z(X360),X360
2010,4.8,0.05,Rock of the Dead(X360),X360
2008,7.2,0.05,Rapala Fishing Frenzy 2009(X360),X360
2004,7,0.05,Wrath Unleashed(XB),XB
2005,2.7,0.05,The Bible Game(XB),XB
2003,9.3,0.05,Yager(XB),XB
2003,6.9,0.05,Futurama(XB),XB
2016,6.3,0.05,Resident Evil 6(XOne),XOne
2005,8.3,0.04,Operation Flashpoint: Elite(XB),XB
2007,6.8,0.04,Virtua Tennis 3(X360),X360
2004,8.3,0.04,TOCA Race Driver 2(XB),XB
2016,6,0.04,Teenage Mutant Ninja Turtles: Mutants in Manhattan(XOne),XOne
2006,7.3,0.04,FlatOut 2(XB),XB
2014,5.8,0.04,Enemy Front(X360),X360
2003,8.8,0.04,Dai Senryaku VII: Modern Military Tactics(XB),XB
2006,6.1,0.04,WarTech: Senko no Ronde(X360),X360
2016,4.3,0.04,Teenage Mutant Ninja Turtles: Mutants in Manhattan(X360),X360
2005,7.7,0.04,Outlaw Tennis(XB),XB
2015,8.9,0.04,Brothers: A Tale of Two Sons(XOne),XOne
2010,1.7,0.04,Attack of the Movies 3D(X360),X360
2006,7,0.04,NASCAR 07(XB),XB
2003,8.6,0.04,Bloody Roar Extreme(XB),XB
2012,6.3,0.04,Deadliest Warrior: Ancient Combat(X360),X360
2004,4,0.04,Star Trek: Shattered Universe(XB),XB
2005,6.9,0.04,Shattered Union(XB),XB
2014,7.7,0.04,Terraria(XOne),XOne
2005,9.2,0.04,Worms 4: Mayhem(XB),XB
2007,8.5,0.04,Samurai Warriors 2: Empires(X360),X360
2006,2.8,0.04,The Da Vinci Code(XB),XB
2004,8.5,0.04,Pure Pinball(XB),XB
2006,2.2,0.04,Bomberman: Act Zero(X360),X360
2006,8.8,0.04,Dreamfall: The Longest Journey(XB),XB
2002,7.4,0.04,Colin McRae Rally 3(XB),XB
2009,7.7,0.04,Stoked: Big Air Edition(X360),X360
2003,7.5,0.04,Pro Race Driver(XB),XB
2016,1.6,0.04,NASCAR Heat Evolution(XOne),XOne
2003,8,0.04,RLH: Run Like Hell(XB),XB
2004,8.4,0.04,Obscure(XB),XB
2016,8,0.04,Just Dance 2017(XOne),XOne
2016,6.5,0.04,Pro Evolution Soccer 2017(X360),X360
2006,7.4,0.04,Painkiller: Hell Wars(XB),XB
2002,9,0.03,RedCard 20-03(XB),XB
2006,8,0.03,TOCA Race Driver 3(XB),XB
2005,6.5,0.03,Special Forces: Nemesis Strike(XB),XB
2006,8,0.03,Rapala Tournament Fishing!(X360),X360
2005,6.2,0.03,Tork: Prehistoric Punk(XB),XB
2015,8,0.03,Rugby World Cup 2015(X360),X360
2014,5.4,0.03,The Golf Club(XOne),XOne
2005,8.8,0.03,Digimon World 4(XB),XB
2004,7,0.03,Galleon: Islands of Mystery(XB),XB
2016,8.1,0.03,Valentino Rossi: The Game(XOne),XOne
2011,7.7,0.03,The Wolf Among Us(X360),X360
2016,4.3,0.03,Batman: A Telltale Game Series(XOne),XOne
2002,7.2,0.03,Metal Dungeon(XB),XB
2004,8.7,0.03,Syberia II(XB),XB
2014,7.3,0.03,Cabela's Big Game Hunter: Pro Hunts(X360),X360
2006,8.6,0.03,NBA 2K7(XB),XB
2006,7.7,0.03,NHL 07(XB),XB
2016,7.4,0.03,The Technomancer(XOne),XOne
2006,1.2,0.03,World War II Combat: Road To Berlin(XB),XB
2003,3.7,0.02,Stake: Fortune Fighters(XB),XB
2005,8,0.02,Cold War(XB),XB
2004,8,0.02,Steel Battalion: Line of Contact(XB),XB
2002,5.5,0.02,NBA Starting Five(XB),XB
2005,7.7,0.02,"Ed, Edd n Eddy: The Mis-Edventures(XB)",XB
2005,9.2,0.02,Total Overdose: A Gunslinger's Tale in Mexico(XB),XB
2012,5.3,0.02,Capcom Digital Collection(X360),X360
2015,7,0.02,Rugby League Live 3(X360),X360
2005,7.4,0.02,ScrapLand(XB),XB
2004,9.1,0.02,Pro Fishing Challenge(XB),XB
2015,4.3,0.02,Rugby World Cup 2015(XOne),XOne
2005,5.5,0.02,Zathura(XB),XB
2004,4.5,0.02,Knight's Apprentice: Memorick's Adventures(XB),XB
2005,6.5,0.02,Iron Phoenix(XB),XB
2003,6,0.02,Group S Challenge(XB),XB
2015,7.5,0.02,Back to the Future: The Game(X360),X360
2004,6.8,0.02,Headhunter: Redemption(XB),XB
2005,2.8,0.02,Chicago Enforcer(XB),XB
2016,7.1,0.02,Carmageddon: Max Damage(XOne),XOne
2003,6.8,0.02,XGRA: Extreme G Racing Association(XB),XB
2016,5.8,0.02,Arslan: The Warriors of Legend(XOne),XOne
2005,3.6,0.02,Motocross Mania 3(XB),XB
2005,7.5,0.02,Pump It Up: Exceed(XB),XB
2004,8.8,0.02,Digimon Rumble Arena 2(XB),XB
2015,6.8,0.02,Kung Fu Panda: Showdown of Legendary Legends(X360),X360
2016,4.2,0.02,Mighty No. 9(XOne),XOne
2011,5.7,0.02,uDraw Studio: Instant Artist(X360),X360
2012,7.6,0.02,The Testament of Sherlock Holmes(X360),X360
2015,6.6,0.02,The Crew: Wild Run(XOne),XOne
2012,7.3,0.02,Marvel Avengers: Battle for Earth(X360),X360
2006,8.6,0.02,Urban Chaos: Riot Response(XB),XB
2003,8.3,0.02,Broken Sword: The Sleeping Dragon(XB),XB
2005,4,0.02,Red Ninja: End of Honor(XB),XB
2005,4.8,0.02,TMNT: Mutant Melee(XB),XB
2003,3.6,0.02,RoboCop(XB),XB
2007,6.9,0.02,Worms(X360),X360
2015,7.3,0.02,Back to the Future: The Game(XOne),XOne
2003,2.8,0.02,Pulse Racer(XB),XB
2006,8.5,0.02,Rogue Trooper(XB),XB
2006,4,0.02,Final Fight: Streetwise(XB),XB
2005,7.5,0.02,Top Gear RPM Tuning(XB),XB
2015,7.2,0.02,Broken Sword 5: The Serpent's Curse(XOne),XOne
2006,4,0.02,Army Men: Major Malfunction(XB),XB
2003,6.7,0.02,Judge Dredd: Dredd Vs Death(XB),XB
2002,8.7,0.02,Antz Extreme Racing(XB),XB
2016,7.1,0.02,Mark McMorris Infinite Air(XOne),XOne
2006,6,0.02,Hummer Badlands(XB),XB
2016,6.7,0.02,Assetto Corsa(XOne),XOne
2016,8.8,0.01,Dead Rising(XOne),XOne
2016,7.9,0.01,Darksiders: Warmastered Edition(XOne),XOne
2003,7.3,0.01,Grooverider: Slot Car Thunder(XB),XB
2005,3,0.01,Aeon Flux(XB),XB
2016,8.1,0.01,Worms: WMD(XOne),XOne
2008,8.2,0.01,Banjo-Kazooie(X360),X360
2016,3.1,0.01,Prototype: Biohazard Bundle(XOne),XOne
2016,7.5,0.01,Agatha Christie's The ABC Murders(XOne),XOne
2016,6.3,0.01,Goat Simulator(XOne),XOne
2013,4.5,0.01,Turbo: Super Stunt Squad(X360),X360
2004,7,0.01,Powerdrome(XB),XB
2013,6.2,0.01,Young Justice: Legacy(X360),X360
2016,8.2,0.01,Ride 2(XOne),XOne
2015,7.1,0.01,Rugby League Live 3(XOne),XOne
2016,6.8,0.01,Assassin's Creed Chronicles(XOne),XOne
2015,6,0.01,Saints Row: Gat out of Hell(XOne),XOne
2012,2.1,0.01,Dragon Ball Z for Kinect(X360),X360
2016,8.2,0.01,Sbastien Loeb Rally Evo(XOne),XOne
2016,6.6,0.01,Rugby Challenge 3(XOne),XOne
2013,5.1,0.01,Ben 10 Omniverse 2(X360),X360
2016,6.7,0.01,Prison Architect(XOne),XOne
