2006,8,82.53,Wii Sports(Wii),Wii
2008,8.3,35.52,Mario Kart Wii(Wii),Wii
2009,8,32.77,Wii Sports Resort(Wii),Wii
2006,8.5,29.8,New Super Mario Bros.(DS),DS
2006,6.6,28.92,Wii Play(Wii),Wii
2009,8.4,28.32,New Super Mario Bros. Wii(Wii),Wii
2005,8.6,23.21,Mario Kart DS(DS),DS
2007,7.7,22.7,Wii Fit(Wii),Wii
2009,7.4,21.79,Wii Fit Plus(Wii),Wii
2005,7.9,20.15,Brain Age: Train Your Brain in Minutes a Day(DS),DS
2005,7.1,15.29,Brain Age 2: More Training in Minutes a Day(DS),DS
2008,8.9,12.84,Super Smash Bros. Brawl(Wii),Wii
2011,8.2,12.66,Mario Kart 7(3DS),3DS
2005,8.7,12.13,Animal Crossing: Wild World(DS),DS
2007,8.9,11.35,Super Mario Galaxy(Wii),Wii
2011,8.4,10.81,Super Mario 3D Land(3DS),3DS
2011,7.8,10.12,Just Dance 3(Wii),Wii
2012,7.2,9.9,New Super Mario Bros. 2(3DS),3DS
2010,7.3,9.44,Just Dance 2(Wii),Wii
2012,8.7,9.16,Animal Crossing: New Leaf(3DS),3DS
2007,7.8,8.91,Mario Party DS(DS),DS
2010,7.4,8.38,Wii Party(Wii),Wii
2007,6.3,8.27,Mario Party 8(Wii),Wii
2008,8.5,7.72,Pokémon Platinum Version(DS),DS
2010,9.1,7.51,Super Mario Galaxy 2(Wii),Wii
2009,8,7.2,Just Dance(Wii),Wii
2006,9,7.15,The Legend of Zelda: Twilight Princess(Wii),Wii
2014,9.1,7.09,Mario Kart 8(WiiU),WiiU
2001,9.1,7.07,Super Smash Bros. Melee(GC),GC
2012,7.3,6.76,Just Dance 4(Wii),Wii
2005,7.4,6.62,Big Brain Academy(DS),DS
2010,8.6,6.44,Donkey Kong Country Returns(Wii),Wii
2004,9,6.41,Pokémon Emerald Version(GBA),GBA
2002,8.6,6.31,Super Mario Sunshine(GC),GC
2009,8.8,5.78,Dragon Quest IX: Sentinels of the Starry Skies(DS),DS
2007,8.9,5.64,LEGO Star Wars: The Complete Saga(Wii),Wii
2006,7.2,5.63,Cooking Mama(DS),DS
2001,7.8,5.49,Super Mario Advance(GBA),GBA
2001,8.3,5.47,Mario Kart: Super Circuit(GBA),GBA
2012,8.1,5.22,New Super Mario Bros. U(WiiU),WiiU
2007,8.6,5.19,Professor Layton and the Curious Village(DS),DS
2007,8,5.08,The Legend of Zelda: Phantom Hourglass(DS),DS
2007,7.1,4.98,Link's Crossbow Training(Wii),Wii
2007,5.4,4.76,LEGO Star Wars: The Complete Saga(DS),DS
2008,7.6,4.62,Animal Crossing: City Folk(Wii),Wii
2002,8.9,4.6,The Legend of Zelda: The Wind Waker(GC),GC
2007,8.4,4.6,Guitar Hero III: Legends of Rock(Wii),Wii
2013,8.4,4.59,Luigi's Mansion: Dark Moon(3DS),3DS
2015,8.5,4.43,Splatoon(WiiU),WiiU
2012,7.9,4.42,Nintendo Land(WiiU),WiiU
2010,8.3,4.36,Michael Jackson: The Experience(Wii),Wii
2013,9,4.32,Super Mario 3D World(WiiU),WiiU
2001,7.3,4.24,Namco Museum(GBA),GBA
2007,6,4.05,Carnival Games(Wii),Wii
2011,8,3.95,The Legend of Zelda: Skyward Sword(Wii),Wii
2007,8.8,3.94,Professor Layton and the Diabolical Box(DS),DS
2009,8.7,3.9,EA Sports Active(Wii),Wii
2014,8.7,3.89,Monster Hunter 4 Ultimate(3DS),3DS
2007,4,3.83,Flash Focus: Vision Training in Minutes a Day(DS),DS
2007,6.9,3.79,Big Brain Academy: Wii Degree(Wii),Wii
2007,7.9,3.71,Super Paper Mario(Wii),Wii
2007,7.3,3.66,MySims(DS),DS
2008,7.6,3.62,Guitar Hero: World Tour(Wii),Wii
2001,8.5,3.6,Luigi's Mansion(GC),GC
2013,6.2,3.59,Just Dance 2014(Wii),Wii
2007,8,3.58,Cooking Mama 2: Dinner With Friends(DS),DS
2008,8.8,3.46,Guitar Hero: On Tour(DS),DS
2006,8.4,3.45,Clubhouse Games(DS),DS
2009,7.8,3.31,The Legend of Zelda: Spirit Tracks(DS),DS
2008,9.2,3.26,Professor Layton and the Unwound Future(DS),DS
2008,4.6,3.25,Wii Music(Wii),Wii
2015,8.7,3.21,Super Mario Maker(WiiU),WiiU
2001,8.9,3.15,Animal Crossing(GC),GC
2008,8,3.14,Club Penguin: Elite Penguin Force(DS),DS
2012,6.8,3.13,Mario Party 9(Wii),Wii
2005,8.5,3.12,Sonic Rush(DS),DS
2008,9,3.11,Rhythm Heaven(DS),DS
2006,7.8,3.11,Personal Trainer: Cooking(DS),DS
2013,8.9,3.1,The Legend of Zelda: A Link Between Worlds(3DS),3DS
2015,6.9,3.05,Animal Crossing: Happy Home Designer(3DS),3DS
2008,8,3.05,LEGO Batman: The Videogame(DS),DS
2010,7,3,Epic Mickey(Wii),Wii
2001,7.8,2.94,Pac-Man Collection(GBA),GBA
2008,8.8,2.92,Kirby Super Star Ultra(DS),DS
2007,5.3,2.89,Cooking Mama: Cook Off(Wii),Wii
2006,7.4,2.89,WarioWare: Smooth Moves(Wii),Wii
2007,7.7,2.87,Imagine: Babyz(DS),DS
2002,9.3,2.82,Metroid Prime(GC),GC
2003,7,2.82,Finding Nemo(GBA),GBA
2007,7.6,2.8,Imagine: Fashion Designer(DS),DS
2011,5.6,2.78,Skylanders: Spyro's Adventure(Wii),Wii
2006,7.4,2.76,Yoshi's Island DS(DS),DS
2007,6.6,2.73,Sonic and the Secret Rings(Wii),Wii
2002,9.1,2.7,The Legend of Zelda: A Link to the Past(GBA),GBA
2010,7.7,2.67,Mario vs. Donkey Kong: Mini-Land Mayhem!(DS),DS
2009,8.7,2.67,Professor Layton and the Last Specter(DS),DS
2006,6.7,2.65,Hannah Montana(DS),DS
2007,8,2.58,Mario Strikers Charged(Wii),Wii
2008,7.7,2.58,Style Savvy(DS),DS
2001,8.3,2.56,Sonic Adventure 2 Battle(GC),GC
2003,8,2.54,Pokémon Colosseum(GC),GC
2010,8,2.52,Art Academy(DS),DS
2012,7,2.52,Skylanders Giants(Wii),Wii
2008,5.4,2.5,Deca Sports(Wii),Wii
2007,4.3,2.48,Game Party(Wii),Wii
2002,7.4,2.47,Mario Party 4(GC),GC
2010,8,2.43,LEGO Harry Potter: Years 1-4(Wii),Wii
2015,9,2.34,The Legend of Zelda: Majora's Mask 3D(3DS),3DS
2008,8.6,2.32,My Fitness Coach(Wii),Wii
2012,5.6,2.3,Paper Mario: Sticker Star(3DS),3DS
2010,7.2,2.28,LEGO Harry Potter: Years 1-4(DS),DS
2008,8.2,2.28,Pokemon Ranger: Shadows of Almia(DS),DS
2002,8.9,2.27,Kirby: Nightmare in Dream Land(GBA),GBA
2001,8.9,2.26,Wario Land 4(GBA),GBA
2004,9.4,2.25,Paper Mario: The Thousand-Year Door(GC),GC
2001,8.1,2.24,Sonic Advance(GBA),GBA
2006,5.7,2.24,Super Monkey Ball: Banana Blitz(Wii),Wii
2013,7.9,2.24,New Super Luigi U(WiiU),WiiU
2001,8,2.23,Spyro: Season of Ice(GBA),GBA
2009,8.6,2.22,Monster Hunter Tri(Wii),Wii
2008,7.9,2.2,LEGO Indiana Jones: The Original Adventures(DS),DS
2009,7.6,2.16,Scribblenauts(DS),DS
2008,7.3,2.16,Sonic Unleashed(Wii),Wii
2006,7.6,2.15,Pokemon Ranger(DS),DS
2013,6.6,2.15,Skylanders SWAP Force(Wii),Wii
2003,7.8,2.13,Final Fantasy Tactics Advance(GBA),GBA
2009,5.2,2.12,Your Shape featuring Jenny McCarthy(Wii),Wii
2006,8.7,2.1,Tetris DS(DS),DS
2006,7.1,2.08,Final Fantasy III(DS),DS
2003,8.2,2.08,Mario Party 5(GC),GC
2010,7.1,2.08,Mario Sports Mix(Wii),Wii
2006,5.2,2.07,The Sims 2: Pets(DS),DS
2007,7.1,2.07,Dance Dance Revolution: Hottest Party(Wii),Wii
2002,8.8,2.05,Sonic Mega Collection(GC),GC
2003,8.9,2.04,Donkey Kong Country(GBA),GBA
2008,3.3,2.03,Carnival Games(DS),DS
2008,7.7,2.03,Rayman Raving Rabbids: TV Party(Wii),Wii
2005,8.1,2.02,Pokémon Mystery Dungeon: Blue Rescue Team(DS),DS
2012,9.1,2.01,Fire Emblem: Awakening(3DS),3DS
2014,8.4,2.01,Just Dance 2015(Wii),Wii
2007,5.7,2,TouchMaster(DS),DS
2002,7.9,1.99,Harry Potter and the Chamber of Secrets(GBA),GBA
2009,7.8,1.98,Kingdom Hearts 358/2 Days(DS),DS
2006,8.1,1.94,Kirby Squeak Squad(DS),DS
2008,7.6,1.94,Call of Duty: World at War(Wii),Wii
2013,6.3,1.92,Mario Party: Island Tour(3DS),3DS
2001,8.6,1.9,Star Wars Rogue Leader: Rogue Squadron II(GC),GC
2008,7.8,1.89,Mario Super Sluggers(Wii),Wii
2008,7.8,1.89,Monopoly(Wii),Wii
2008,4.6,1.88,Game Party 2(Wii),Wii
2009,6.6,1.88,Toy Story Mania!(Wii),Wii
2002,7.7,1.87,Star Fox Adventures(GC),GC
2008,7.9,1.86,Star Wars: The Force Unleashed(Wii),Wii
2004,7.9,1.85,Kingdom Hearts: Chain of Memories(GBA),GBA
2009,4.5,1.84,Phineas and Ferb(DS),DS
2007,8.3,1.83,Rayman Raving Rabbids 2(Wii),Wii
2014,8.8,1.83,Kirby: Triple Deluxe(3DS),3DS
2010,7.5,1.83,Sonic Classic Collection(DS),DS
2002,8.3,1.8,Sonic Advance 2(GBA),GBA
2007,8.9,1.79,Metroid Prime 3: Corruption(Wii),Wii
2006,7.4,1.76,Dragon Quest Monsters: Joker(DS),DS
2011,7.7,1.76,LEGO Star Wars III: The Clone Wars(Wii),Wii
2001,9.3,1.76,Golden Sun(GBA),GBA
2013,6.8,1.75,Wii Party U(WiiU),WiiU
2010,8.1,1.73,Dragon Quest VI: Realms of Revelation(DS),DS
2002,7.9,1.73,Crash Bandicoot: The Huge Adventure(GBA),GBA
2009,8.9,1.71,The Beatles: Rock Band(Wii),Wii
2007,1.9,1.7,Deal or No Deal(DS),DS
2009,7.8,1.69,Cabela's Big Game Hunter 2010(Wii),Wii
2001,7.1,1.69,Harry Potter and the Sorcerer's Stone(GBA),GBA
2002,6.9,1.69,Dragon Ball Z: The Legacy of Goku(GBA),GBA
2005,9.4,1.69,Resident Evil 4(GC),GC
2010,8.5,1.68,Sonic Colors(Wii),Wii
2002,9.1,1.68,Metroid Fusion(GBA),GBA
2008,8.5,1.67,We Ski(Wii),Wii
2008,8,1.66,Big Beach Sports(Wii),Wii
2008,8.7,1.66,Shaun White Snowboarding: Road Trip(Wii),Wii
2011,8.5,1.65,Kirby's Return to Dreamland(Wii),Wii
2004,7.9,1.65,Mario Party 6(GC),GC
2008,6.7,1.65,Star Wars The Clone Wars: Lightsaber Duels(Wii),Wii
2007,7.2,1.65,MySims(Wii),Wii
2001,8.7,1.63,Pikmin(GC),GC
2003,7.9,1.62,Kirby Air Ride(GC),GC
2007,7.9,1.62,Dragon Quest IV: Chapters of the Chosen(DS),DS
2005,8.7,1.61,Super Mario Strikers(GC),GC
2006,8,1.6,Mario Hoops 3 on 3(DS),DS
2003,7.8,1.6,Sonic Heroes(GC),GC
2013,4.2,1.6,Disney Infinity(Wii),Wii
2006,9.2,1.59,The Legend of Zelda: Twilight Princess(GC),GC
2006,6.7,1.58,Pokemon Battle Revolution(Wii),Wii
2012,8.2,1.58,Kingdom Hearts 3D: Dream Drop Distance(3DS),3DS
2008,6.8,1.58,Dance Dance Revolution: Hottest Party 2(Wii),Wii
2002,7.6,1.58,Spyro 2: Season of Flame(GBA),GBA
2015,6.5,1.58,Mario Party 10(WiiU),WiiU
2008,8,1.57,Guitar Hero: On Tour Decades(DS),DS
2005,7.9,1.57,Mario Party 7(GC),GC
2008,8.5,1.57,Dragon Quest V: Hand of the Heavenly Bride(DS),DS
2008,5.7,1.56,Carnival Games: Mini Golf(Wii),Wii
2009,9,1.56,Pokemon Mystery Dungeon: Explorers of Sky(DS),DS
2011,7,1.55,LEGO Pirates of the Caribbean: The Video Game(Wii),Wii
2009,6.9,1.55,Guitar Hero 5(Wii),Wii
2008,8.1,1.54,Active Life: Outdoor Challenge(Wii),Wii
2011,7.8,1.53,Go Vacation(Wii),Wii
2003,8,1.53,Mario Golf: Toadstool Tour(GC),GC
2007,7.6,1.52,Resident Evil: The Umbrella Chronicles(Wii),Wii
2014,8.9,1.52,Donkey Kong Country: Tropical Freeze(WiiU),WiiU
2002,8.5,1.52,Super Monkey Ball 2(GC),GC
2008,7.8,1.51,Disney Fairies: Tinker Bell(DS),DS
2008,8.1,1.51,MySims Kingdom(Wii),Wii
2007,7.3,1.51,The Simpsons Game(DS),DS
2003,9.1,1.5,SoulCalibur II(GC),GC
2003,8.1,1.49,Final Fantasy: Crystal Chronicles(GC),GC
2006,6.5,1.48,Bratz: Forever Diamondz(DS),DS
2008,5.5,1.48,Drawn To Life: SpongeBob SquarePants Edition(DS),DS
2010,8.2,1.46,Super Scribblenauts(DS),DS
2001,7.9,1.46,Super Monkey Ball(GC),GC
2005,8.6,1.46,Mario Superstar Baseball(GC),GC
2011,6.9,1.45,LEGO Battles: Ninjago(DS),DS
2007,6.8,1.44,My Word Coach(DS),DS
2007,7.6,1.43,Smarty Pants(Wii),Wii
2004,8.6,1.43,Classic NES Series: Super Mario Bros.(GBA),GBA
2008,7.5,1.43,Hasbro Family Game Night(Wii),Wii
2004,9,1.42,The Legend of Zelda: The Minish Cap(GBA),GBA
2008,8.7,1.42,Tiger Woods PGA Tour 09 All-Play(Wii),Wii
2006,7.9,1.42,Rayman Raving Rabbids(Wii),Wii
2010,7.3,1.41,Dragon Quest Monsters: Joker 2(DS),DS
2010,2.5,1.41,The Sims 3(Wii),Wii
2009,6.1,1.4,LEGO Indiana Jones 2: The Adventure Continues(Wii),Wii
2004,8.4,1.4,Sonic Advance 3(GBA),GBA
2014,6.1,1.38,Yoshi's New Island(3DS),3DS
2012,7.1,1.38,LEGO Batman 2: DC Super Heroes(Wii),Wii
2009,6.7,1.38,Bakugan: Battle Brawlers(DS),DS
2007,6.1,1.37,Final Fantasy XII: Revenant Wings(DS),DS
2010,5.8,1.37,Call of Duty: Black Ops(Wii),Wii
2003,7.8,1.36,Crash Bandicoot 2: N-Tranced(GBA),GBA
2009,6.3,1.35,Hasbro Family Game Night 2(Wii),Wii
2009,9.3,1.35,Gardening Mama(DS),DS
2007,4.3,1.35,Disney Princess: Enchanted Journey(Wii),Wii
2010,6.5,1.34,Metroid: Other M(Wii),Wii
2008,8.9,1.34,Chrono Trigger(DS),DS
2004,8.3,1.34,Donkey Kong Jungle Beat(GC),GC
2004,8.8,1.33,Metroid Prime 2: Echoes(GC),GC
2009,8.3,1.32,Grand Theft Auto: Chinatown Wars(DS),DS
2015,8.5,1.3,Yoshi's Woolly World(WiiU),WiiU
2010,8.2,1.29,Pokemon Ranger: Guardian Signs(DS),DS
2003,6.2,1.29,Pirates of the Caribbean: The Curse of the Black Pearl(GBA),GBA
2007,5.9,1.29,Namco Museum DS(DS),DS
2009,5,1.29,Deal or No Deal(Wii),Wii
2010,7.9,1.29,Sonic Colors(DS),DS
2007,7.6,1.29,EA Playground(Wii),Wii
2008,8.4,1.28,Gold's Gym: Cardio Workout(Wii),Wii
2006,7.3,1.28,Need for Speed Carbon(Wii),Wii
2008,7.2,1.27,Guitar Hero: Aerosmith(Wii),Wii
2012,8.7,1.27,Kid Icarus: Uprising(3DS),3DS
2012,6.3,1.27,Pokemon Mystery Dungeon: Gates to Infinity(3DS),3DS
2008,2,1.27,Jillian Michaels' Fitness Ultimatum 2009(Wii),Wii
2003,7.9,1.27,Sonic Adventure DX: Director's Cut(GC),GC
2010,8.1,1.26,EA Sports Active 2(Wii),Wii
2007,5.8,1.26,Rockstar Games presents Table Tennis(Wii),Wii
2005,7.7,1.26,Tamagotchi Connection: Corner Shop(DS),DS
2009,8.9,1.25,LEGO Battles(DS),DS
2005,8.3,1.25,Pokemon XD: Gale of Darkness(GC),GC
2015,8.8,1.25,Pokemon Super Mystery Dungeon(3DS),3DS
2007,6.8,1.24,Winter Sports: The Ultimate Challenge(Wii),Wii
2003,7.3,1.23,SpongeBob SquarePants: Battle for Bikini Bottom(GBA),GBA
2014,8.3,1.23,Hyrule Warriors(WiiU),WiiU
2004,9.1,1.23,Donkey Kong Country 2(GBA),GBA
2007,7.7,1.23,Ben 10: Protector of Earth(Wii),Wii
2007,7.5,1.22,Diddy Kong Racing DS(DS),DS
2004,8.5,1.22,Mario Power Tennis(GC),GC
2002,9.5,1.22,Golden Sun: The Lost Age(GBA),GBA
2007,7.7,1.21,Final Fantasy IV(DS),DS
2011,8.1,1.21,Super Street Fighter IV: 3D Edition(3DS),3DS
2003,9,1.21,Need for Speed Underground(GC),GC
2008,8.6,1.21,Boom Blox(Wii),Wii
2007,8.2,1.2,The Sims 2: Castaway(Wii),Wii
2004,9.1,1.2,Pikmin 2(GC),GC
2003,6.8,1.19,The Simpsons: Road Rage(GBA),GBA
2014,8.6,1.19,Captain Toad: Treasure Tracker(WiiU),WiiU
2002,7.7,1.19,SpongeBob SquarePants: Revenge of the Flying Dutchman(GBA),GBA
2008,8.4,1.19,Pro Evolution Soccer 2008(Wii),Wii
2002,7.3,1.19,Spider-Man: The Movie(GC),GC
2006,7.9,1.19,Mario vs. Donkey Kong 2: March of the Minis(DS),DS
2001,7.5,1.18,Tony Hawk's Pro Skater 2(GBA),GBA
2009,7.2,1.17,PokéPark Wii: Pikachu's Adventure(Wii),Wii
2004,8,1.17,Mario vs. Donkey Kong(GBA),GBA
2007,8.2,1.15,Sonic Rush Adventure(DS),DS
2003,8.3,1.15,Donkey Konga(GC),GC
2011,7.1,1.14,Pokemon Rumble Blast(3DS),3DS
2006,4.7,1.13,Cars(GBA),GBA
2011,6.1,1.13,LEGO Star Wars III: The Clone Wars(3DS),3DS
2012,8.6,1.13,Fantasy Life(3DS),3DS
2015,7.6,1.12,The Legend of Zelda: Tri Force Heroes(3DS),3DS
2009,8.3,1.12,Rabbids Go Home(Wii),Wii
2013,8.7,1.11,Pikmin 3(WiiU),WiiU
2011,7.4,1.1,Plants vs. Zombies(DS),DS
2003,8.5,1.1,Tales of Symphonia(GC),GC
2013,8.2,1.1,LEGO City Undercover(WiiU),WiiU
2007,6.9,1.1,Need for Speed: ProStreet(Wii),Wii
2003,8.9,1.09,Dragon Ball Z: The Legacy of Goku II(GBA),GBA
2008,4.4,1.09,NERF N-Strike(Wii),Wii
2009,6.9,1.09,Sonic and the Black Knight(Wii),Wii
2003,6.1,1.08,Dragon Ball Z: Taiketsu(GBA),GBA
2005,8.1,1.08,Star Fox: Assault(GC),GC
2006,5,1.07,LEGO Star Wars II: The Original Trilogy(DS),DS
2010,7.3,1.07,FIFA Soccer 11(Wii),Wii
2009,8.8,1.07,Tiger Woods PGA Tour 10(Wii),Wii
2008,6.5,1.06,Spore Creatures(DS),DS
2007,8.1,1.06,Endless Ocean(Wii),Wii
2004,7.7,1.06,Spider-Man 2(GBA),GBA
2008,7,1.05,Sega Superstars Tennis(Wii),Wii
2007,6.9,1.05,Call of Duty 4: Modern Warfare(DS),DS
2009,8,1.05,Resident Evil: The Darkside Chronicles(Wii),Wii
2007,7.4,1.04,Imagine: Animal Doctor(DS),DS
2003,8.9,1.04,Naruto: Clash of Ninja 2(GC),GC
2001,8.5,1.04,F-Zero: Maximum Velocity(GBA),GBA
2005,7.6,1.03,Super Princess Peach(DS),DS
2008,7,1.03,Guinness World Records: The Videogame(Wii),Wii
2016,8.4,1.03,The Legend of Zelda: Twilight Princess HD(WiiU),WiiU
2009,8.6,1.03,MySims Agents(Wii),Wii
2007,6.1,1.02,FIFA Soccer 08(Wii),Wii
2007,7,1.02,Tiger Woods PGA Tour 08(Wii),Wii
2007,8.4,1.02,Dragon Ball Z: Budokai Tenkaichi 3(Wii),Wii
2004,6.4,1.02,Shrek 2(GC),GC
2011,6,1.02,Disney Universe(Wii),Wii
2010,3.3,1.02,Dance on Broadway(Wii),Wii
2007,9,1.02,Petz: Catz 2(DS),DS
2011,6.9,1.02,Sonic Generations(3DS),3DS
2008,7.7,1.02,Rock Band 2(Wii),Wii
2012,8.2,1.02,Pokemon Conquest(DS),DS
2008,3.6,1.01,Wall-E(Wii),Wii
2007,8,1.01,Naruto: Clash of Ninja Revolution(Wii),Wii
2007,6.1,1.01,The Simpsons Game(Wii),Wii
2012,7.7,1.01,ZombiU(WiiU),WiiU
2016,8,1.01,Pokken Tournament(WiiU),WiiU
2009,4.5,1,NERF N-Strike Elite(Wii),Wii
2011,8.6,0.99,Kirby: Mass Attack(DS),DS
2005,6.6,0.99,Shadow The Hedgehog(GC),GC
2007,8.1,0.99,Apollo Justice: Ace Attorney(DS),DS
2009,6.2,0.98,FIFA Soccer 10(Wii),Wii
2005,5.4,0.98,Mario Party Advance(GBA),GBA
2005,6.6,0.98,Zoo Tycoon DS(DS),DS
2007,5.9,0.98,WWE SmackDown vs Raw 2008(Wii),Wii
2003,9.2,0.97,Fire Emblem(GBA),GBA
2010,7.6,0.97,Wheel of Fortune(Wii),Wii
2006,2.1,0.97,Cars(DS),DS
2009,6.6,0.97,Band Hero(Wii),Wii
2006,9.1,0.97,LEGO Star Wars II: The Original Trilogy(GC),GC
2010,7.5,0.96,Guitar Hero: Warriors of Rock(Wii),Wii
2008,8.6,0.96,de Blob(Wii),Wii
2012,6.9,0.95,Mario Tennis Open(3DS),3DS
2011,7.4,0.95,PilotWings Resort(3DS),3DS
2008,7.6,0.95,My Weight Loss Coach(DS),DS
2003,8.6,0.95,SpongeBob SquarePants: Battle for Bikini Bottom(GC),GC
2008,2.8,0.95,Ben 10: Alien Force(DS),DS
2004,7.8,0.94,The SpongeBob SquarePants Movie(GC),GC
2011,8.2,0.94,Star Fox 64 3D(3DS),3DS
2009,4.5,0.94,Tony Hawk: RIDE(Wii),Wii
2005,6.1,0.93,The Sims 2(DS),DS
2016,8.7,0.93,Kirby: Planet Robobot(3DS),3DS
2009,8.6,0.93,Guitar Hero: Metallica(Wii),Wii
2003,8.8,0.93,Teenage Mutant Ninja Turtles(GBA),GBA
2006,7,0.93,Cars(GC),GC
2007,4.8,0.93,Build-A-Bear Workshop(DS),DS
2010,7,0.93,Kingdom Hearts Re:coded(DS),DS
2013,7.5,0.92,Disney Magical World(3DS),3DS
2005,9.2,0.92,Phoenix Wright: Ace Attorney(DS),DS
2011,6.1,0.92,Wii Play: Motion(Wii),Wii
2006,8,0.92,Sonic Riders(GC),GC
2012,8.2,0.91,Harvest Moon 3D: A New Beginning(3DS),3DS
2008,6.7,0.91,Kung Fu Panda(Wii),Wii
2010,8.9,0.91,Xenoblade Chronicles(Wii),Wii
2008,8.1,0.91,Sonic Riders: Zero Gravity(Wii),Wii
2013,5.2,0.9,LEGO Marvel Super Heroes(3DS),3DS
2012,7.2,0.9,LEGO The Lord of the Rings(Wii),Wii
2001,8.5,0.89,Castlevania: Circle of the Moon(GBA),GBA
2004,8.6,0.89,Classic NES Series: The Legend of Zelda(GBA),GBA
2004,9.1,0.89,Fire Emblem: The Sacred Stones(GBA),GBA
2003,5.5,0.89,Finding Nemo(GC),GC
2008,7.8,0.89,Call of Duty: World at War(DS),DS
2008,8.4,0.89,FIFA Soccer 09 All-Play(Wii),Wii
2008,7.9,0.89,Fossil Fighters(DS),DS
2008,8.1,0.88,Samba De Amigo(Wii),Wii
2006,7.8,0.88,Monster 4X4: World Circuit(Wii),Wii
2012,8.5,0.88,Resident Evil: Revelations(3DS),3DS
2008,7.3,0.88,Sonic Chronicles: The Dark Brotherhood(DS),DS
2008,5.5,0.88,Star Wars: The Force Unleashed(DS),DS
2007,6.8,0.87,Madden NFL 08(Wii),Wii
2009,7.2,0.87,F1 2009(Wii),Wii
2008,4.9,0.87,Cooking Mama: World Kitchen(Wii),Wii
2009,8.5,0.86,Ghostbusters: The Video Game(Wii),Wii
2009,8.5,0.86,Endless Ocean: Blue World(Wii),Wii
2007,7.3,0.85,Tomb Raider: Anniversary(Wii),Wii
2013,7.7,0.85,Wii Fit U(WiiU),WiiU
2008,8.4,0.85,The Legendary Starfy(DS),DS
2009,8.7,0.85,The House of the Dead: Overkill(Wii),Wii
2004,8.8,0.84,Spider-Man 2(GC),GC
2004,7.1,0.84,The Incredibles(GC),GC
2015,8.9,0.84,Xenoblade Chronicles X(WiiU),WiiU
2007,4.9,0.84,Harry Potter and the Order of the Phoenix(DS),DS
2004,9,0.84,Metroid: Zero Mission(GBA),GBA
2007,6.7,0.83,Blazing Angels: Squadrons of WWII(Wii),Wii
2008,7.2,0.83,Madden NFL 09 All-Play(Wii),Wii
2004,5,0.83,Lizzie McGuire 2: Lizzie Diaries(GBA),GBA
2008,8.5,0.83,WWE SmackDown vs. Raw 2009(Wii),Wii
2009,7.4,0.83,Need for Speed: Nitro(Wii),Wii
2011,7.6,0.83,Tales of the Abyss(3DS),3DS
2011,1.8,0.82,Call of Duty: Modern Warfare 3(Wii),Wii
2001,9,0.82,Tony Hawk's Pro Skater 3(GC),GC
2007,8.2,0.82,Harvest Moon: Tree of Tranquility(Wii),Wii
2008,4.3,0.82,The Price is Right(Wii),Wii
2004,7.2,0.81,The Legend of Zelda: Four Swords Adventures(GC),GC
2008,7.2,0.81,Battle of Giants: Dinosaurs(DS),DS
2006,7,0.8,Disney's The Little Mermaid: Ariel's Undersea Adventure(DS),DS
2003,7.6,0.8,Star Wars Rogue Squadron III: Rebel Strike(GC),GC
2012,8.5,0.8,Professor Layton vs Phoenix Wright: Ace Attorney(3DS),3DS
2008,7.8,0.8,Ben 10: Alien Force(Wii),Wii
2002,8.3,0.8,Need for Speed: Hot Pursuit 2(GC),GC
2007,7,0.8,Rayman Raving Rabbids 2(DS),DS
2009,6.4,0.79,Star Wars The Clone Wars: Republic Heroes(Wii),Wii
2003,8.9,0.79,Harvest Moon: A Wonderful Life(GC),GC
2008,5.2,0.79,All Star Cheer Squad(Wii),Wii
2010,8.1,0.78,Golden Sun: Dark Dawn(DS),DS
2008,7.8,0.78,Star Wars The Clone Wars: Jedi Alliance(DS),DS
2007,8.9,0.78,The World Ends With You(DS),DS
2007,8.2,0.78,Drawn to Life(DS),DS
2002,8.6,0.78,James Bond 007: Nightfire(GC),GC
2009,8.6,0.77,MadWorld(Wii),Wii
2002,5,0.77,Star Wars Episode II: Attack of the Clones(GBA),GBA
2007,7.5,0.77,Ghost Squad(Wii),Wii
2005,8.4,0.77,Donkey Kong Country 3(GBA),GBA
2004,5.9,0.77,Pokemon Dash(DS),DS
2006,8,0.76,Metroid Prime Hunters(DS),DS
2014,8.2,0.76,Bayonetta 2(WiiU),WiiU
2011,3.3,0.76,The Sims 3(3DS),3DS
2004,7.6,0.76,That's So Raven(GBA),GBA
2009,7.6,0.76,DJ Hero(Wii),Wii
2010,7.8,0.76,Star Wars: The Force Unleashed II(Wii),Wii
2009,6,0.75,Harry Potter and the Half-Blood Prince(Wii),Wii
2013,7.9,0.75,Professor Layton and the Azran Legacy(3DS),3DS
2009,6,0.75,Drawn to Life: The Next Chapter(Wii),Wii
2011,7,0.75,PokePark 2: Wonders Beyond(Wii),Wii
2012,5.2,0.75,LEGO Batman 2: DC Super Heroes(3DS),3DS
2010,7.6,0.75,Raving Rabbids: Travel in Time(Wii),Wii
2007,6.9,0.75,Final Fantasy Tactics A2: Grimoire of the Rift(DS),DS
2007,7.9,0.74,Spectrobes(DS),DS
2013,8,0.74,LEGO Marvel Super Heroes(WiiU),WiiU
2007,6.3,0.74,Namco Museum Remix(Wii),Wii
2003,8.3,0.74,Sword of Mana(GBA),GBA
2004,4.8,0.73,Classic NES Series: Donkey Kong(GBA),GBA
2008,8.9,0.73,Harvest Moon: Animal Parade(Wii),Wii
2009,7.7,0.73,WWE SmackDown vs. Raw 2010(Wii),Wii
2012,8,0.73,Style Savvy: Trendsetters(3DS),3DS
2014,6.6,0.73,Just Dance 2015(WiiU),WiiU
2002,6.8,0.72,James Bond 007: Agent Under Fire(GC),GC
2007,7,0.72,Harvest Moon DS: Island of Happiness(DS),DS
2005,7.5,0.72,Star Wars Episode III: Revenge of the Sith(GBA),GBA
2010,5.2,0.72,Monopoly Streets(Wii),Wii
2009,7,0.72,Indiana Jones and the Staff of Kings(Wii),Wii
2008,0,0.72,My Little Pony: Pinkie Pie's Party(DS),DS
2014,8.1,0.72,Persona Q: Shadow of the Labyrinth(3DS),3DS
2005,8.2,0.72,Kirby: Canvas Curse(DS),DS
2009,7.2,0.72,Madden NFL 10(Wii),Wii
2002,8.6,0.72,Super Monkey Ball Jr.(GBA),GBA
2009,8.3,0.71,iCarly(DS),DS
2007,4,0.71,The Sims 2: Castaway(DS),DS
2002,7.8,0.71,Godzilla: Destroy All Monsters Melee(GC),GC
2002,5.1,0.71,Spyro: Enter the Dragonfly(GC),GC
2007,5.9,0.7,Dragon Quest Swords: The Masked Queen and the Tower of Mirrors(Wii),Wii
2003,8.5,0.7,Tony Hawk's Underground(GC),GC
2014,7.1,0.7,Skylanders: Trap Team(WiiU),WiiU
2009,8.4,0.7,Ace Attorney Investigations: Miles Edgeworth(DS),DS
2001,9,0.7,Advance Wars(GBA),GBA
2004,7.5,0.7,Classic NES Series: Zelda II: The Adventure of Link(GBA),GBA
2009,6.8,0.69,LEGO Rock Band(Wii),Wii
2012,1.6,0.69,FIFA Soccer 13(Wii),Wii
2014,5.4,0.69,The LEGO Movie Videogame(3DS),3DS
2004,4.9,0.69,Mario Pinball Land(GBA),GBA
2003,6.3,0.69,Dragon Ball Z: Budokai(GC),GC
2008,3.3,0.69,The Sims 2: Apartment Pets(DS),DS
2002,8.3,0.69,Harry Potter and the Chamber of Secrets(GC),GC
2003,8.5,0.69,The Lord of the Rings: The Return of the King(GC),GC
2012,8,0.69,LEGO Batman 2: DC Super Heroes(DS),DS
2004,9,0.68,Shark Tale(GBA),GBA
2003,8.1,0.68,Naruto: Clash of Ninja(GC),GC
2007,6.8,0.68,Cars: Mater-National Championship(DS),DS
2012,8.8,0.67,Kirby's Dream Collection: Special Edition(Wii),Wii
2006,6.8,0.67,Red Steel(Wii),Wii
2010,7.1,0.67,Fossil Fighters: Champions(DS),DS
2010,6.4,0.67,The Sims 3(DS),DS
2007,7.2,0.66,Final Fantasy Crystal Chronicles: Ring of Fates(DS),DS
2009,7.2,0.66,Bakugan: Battle Brawlers(Wii),Wii
2008,6,0.66,100 Classic Books(DS),DS
2013,8.7,0.66,Rayman Legends(WiiU),WiiU
2003,9,0.66,The Sims: Bustin' Out(GC),GC
2002,7.4,0.66,Shrek: Hassle at the Castle(GBA),GBA
2003,8.5,0.65,F-Zero GX(GC),GC
2004,6.6,0.65,Yoshi Topsy-Turvy(GBA),GBA
2003,9.4,0.65,Advance Wars 2: Black Hole Rising(GBA),GBA
2007,7.4,0.65,Wario: Master of Disguise(DS),DS
2011,8.4,0.65,The Last Story(Wii),Wii
2008,7.5,0.65,007: Quantum of Solace(Wii),Wii
2004,6.6,0.64,Crash Bandicoot Purple: Ripto's Rampage(GBA),GBA
2008,6.2,0.64,Need For Speed: Undercover(Wii),Wii
2014,7.7,0.64,The LEGO Movie Videogame(WiiU),WiiU
2009,7.7,0.64,Drawn to Life: The Next Chapter(DS),DS
2011,6.6,0.64,Rayman 3D(3DS),3DS
2009,8.2,0.64,Real Heroes: Firefighter(Wii),Wii
2010,6.9,0.63,Rock Band 3(Wii),Wii
2012,4.6,0.63,Angry Birds Trilogy(3DS),3DS
2006,9.2,0.62,Madden NFL 07(GC),GC
2015,7.2,0.62,LEGO Jurassic World(3DS),3DS
2011,7.3,0.62,LEGO Pirates of the Caribbean: The Video Game(3DS),3DS
2007,6.8,0.62,Donkey Kong Barrel Blast(Wii),Wii
2003,8.3,0.62,Viewtiful Joe(GC),GC
2004,9.2,0.62,The Urbz: Sims in the City(GBA),GBA
2010,8.6,0.62,Red Steel 2(Wii),Wii
2010,7.5,0.62,DJ Hero 2(Wii),Wii
2009,6,0.62,Battle of Giants: Dragons(DS),DS
2009,4.3,0.61,Harry Potter and the Half-Blood Prince(DS),DS
2007,5.5,0.61,SpongeBob's Atlantis SquarePantis(Wii),Wii
2011,6,0.61,Cooking Mama 4: Kitchen Magic!(3DS),3DS
2012,7.4,0.61,Scribblenauts: Unlimited(3DS),3DS
2008,7,0.61,Fire Emblem: Shadow Dragon(DS),DS
2009,9.3,0.61,Metroid Prime: Trilogy(Wii),Wii
2004,8,0.61,Dora the Explorer: Super Spies(GBA),GBA
2004,6.8,0.61,Texas Hold 'Em Poker(GBA),GBA
2005,7.3,0.61,Final Fantasy IV Advance(GBA),GBA
2005,6,0.61,Harry Potter and the Goblet of Fire(GBA),GBA
2004,8.9,0.61,Dragon Ball Z: Buu's Fury(GBA),GBA
2001,8.7,0.61,Spider-Man: Mysterio's Menace(GBA),GBA
2009,7.3,0.61,MySims Racing(DS),DS
2010,5.9,0.61,Pac-Man Party(Wii),Wii
2003,7.7,0.6,Tony Hawk's Underground(GBA),GBA
2009,8.2,0.6,World of Zoo(Wii),Wii
2001,8.3,0.6,Wave Race: Blue Storm(GC),GC
2013,7.6,0.6,Disney Infinity(WiiU),WiiU
2007,4.9,0.6,The Golden Compass(DS),DS
2009,8.7,0.6,Muramasa: The Demon Blade(Wii),Wii
2008,8.9,0.6,Okami(Wii),Wii
2013,7.6,0.6,Just Dance 2014(WiiU),WiiU
2007,6.3,0.6,SimCity DS(DS),DS
2002,7.9,0.59,Medal of Honor: Frontline(GC),GC
2002,7.3,0.59,Crash Bandicoot: The Wrath of Cortex(GC),GC
2004,7.5,0.59,Asphalt: Urban GT(DS),DS
2003,9.6,0.59,Harvest Moon: Friends of Mineral Town(GBA),GBA
2009,8.7,0.59,WarioWare D.I.Y.(DS),DS
2008,7,0.59,Iron Man(Wii),Wii
2008,5.7,0.58,Top Spin 3(Wii),Wii
2010,6,0.58,Call of Duty: Black Ops(DS),DS
2013,6,0.58,Skylanders SWAP Force(WiiU),WiiU
2009,7.7,0.58,Guitar Hero: Smash Hits(Wii),Wii
2013,8.3,0.58,Shin Megami Tensei IV(3DS),3DS
2009,7.6,0.58,FIFA Soccer 10(DS),DS
2009,7.1,0.58,Final Fantasy: The 4 Heroes of Light(DS),DS
2002,8.6,0.58,Tony Hawk's Pro Skater 4(GC),GC
2008,8.4,0.58,Skate it(Wii),Wii
2011,8.3,0.57,Phineas and Ferb: Across the 2nd Dimension(Wii),Wii
2002,8.8,0.57,Tony Hawk's Pro Skater 4(GBA),GBA
2004,7,0.57,Spyro Orange: The Cortex Conspiracy(GBA),GBA
2011,4.9,0.57,Skylanders: Spyro's Adventure(3DS),3DS
2005,8.5,0.57,Madden NFL 06(GC),GC
2008,6,0.57,SpongeBob SquarePants featuring Nicktoons: Globs of Doom(DS),DS
2009,8.2,0.57,The Conduit(Wii),Wii
2015,6.9,0.57,Just Dance 2016(WiiU),WiiU
2012,8.1,0.57,Rune Factory 4(3DS),3DS
2009,8,0.56,Up(Wii),Wii
2003,7.3,0.56,True Crime: Streets of LA(GC),GC
2003,8.2,0.56,The Lord of the Rings: The Return of the King(GBA),GBA
2008,6.5,0.56,The Legend of Spyro: Dawn of the Dragon(Wii),Wii
2004,7.5,0.56,Classic NES Series: Dr. Mario(GBA),GBA
2005,9.1,0.56,Need for Speed: Most Wanted(GC),GC
2008,5.8,0.56,Bolt(Wii),Wii
2006,7.8,0.56,Dogz(DS),DS
2002,7,0.56,Barbie Groovy Games(GBA),GBA
2010,5.8,0.56,Tetris Party Deluxe(Wii),Wii
2014,4.3,0.56,FIFA 15(Wii),Wii
2010,7.5,0.55,Harvest Moon: The Tale of Two Towns(DS),DS
2007,8.4,0.55,No More Heroes(Wii),Wii
2008,7,0.55,Dora The Explorer: Dora Saves the Snow Princess(Wii),Wii
2006,5.3,0.55,Catz(DS),DS
2002,8.9,0.55,Mega Man Zero(GBA),GBA
2011,8.3,0.55,Rayman Origins(Wii),Wii
2007,6.8,0.55,Purr Pals(DS),DS
2003,9.2,0.55,Tak and the Power of Juju(GBA),GBA
2008,6.8,0.55,CrossworDS(DS),DS
2008,7.1,0.55,Viva Pinata: Pocket Paradise(DS),DS
2010,7,0.54,Tony Hawk: Shred(Wii),Wii
2010,8.3,0.54,Tiger Woods PGA Tour 11(Wii),Wii
2005,8.9,0.54,Fire Emblem: Path of Radiance(GC),GC
2007,8.6,0.54,Hotel Dusk: Room 215(DS),DS
2014,7,0.54,Final Fantasy Explorers(3DS),3DS
2001,8.6,0.54,SSX Tricky(GC),GC
2010,5,0.54,Harry Potter and the Deathly Hallows - Part 1(Wii),Wii
2008,4.6,0.53,Summer Sports: Paradise Island(Wii),Wii
2015,6.5,0.53,LEGO Dimensions(WiiU),WiiU
2010,8.8,0.53,Tatsunoko vs. Capcom: Ultimate All-Stars(Wii),Wii
2006,8.1,0.53,Rune Factory: A Fantasy Harvest Moon(DS),DS
2007,7.1,0.53,Manhunt 2(Wii),Wii
2006,8.4,0.53,Excite Truck(Wii),Wii
2008,7.6,0.53,Magician's Quest: Mysterious Times(DS),DS
2004,8.5,0.53,X-Men Legends(GC),GC
2009,9,0.53,G-Force(DS),DS
2009,8.3,0.53,WWE SmackDown vs. Raw 2010(DS),DS
2008,5.4,0.53,SpongeBob SquarePants featuring Nicktoons: Globs of Doom(Wii),Wii
2002,8.7,0.53,The Lord of the Rings: The Two Towers(GC),GC
2006,7.3,0.53,Star Fox Command(DS),DS
2005,8,0.52,Mario Tennis: Power Tour(GBA),GBA
2006,8.2,0.52,Mystery Dungeon: Shiren the Wanderer(DS),DS
2006,4,0.52,GT Pro Series(Wii),Wii
2008,7.1,0.52,Tales of Symphonia: Dawn of the New World(Wii),Wii
2008,7.3,0.52,We Cheer(Wii),Wii
2015,8.1,0.52,LEGO Jurassic World(WiiU),WiiU
2015,8,0.52,Kirby and the Rainbow Curse(WiiU),WiiU
2002,8,0.52,Tony Hawk's Pro Skater 3(GBA),GBA
2008,7.9,0.52,Rune Factory 2: A Fantasy Harvest Moon(DS),DS
2004,8.1,0.52,Harry Potter and the Prisoner of Azkaban(GBA),GBA
2009,7.5,0.52,SimAnimals(DS),DS
2008,7.7,0.51,Spectrobes: Beyond the Portals(DS),DS
2003,7.7,0.51,Madden NFL 2004(GC),GC
2009,6.2,0.51,100 All-Time Favorites(DS),DS
2010,7.4,0.51,Alice in Wonderland(Wii),Wii
2008,7,0.51,Iron Man(DS),DS
2009,8.4,0.51,Pro Evolution Soccer 2010(Wii),Wii
2002,8.8,0.51,Disney's Kim Possible: Revenge of Monkey Fist(GBA),GBA
2009,8.1,0.51,Naruto Shippuden: Clash of Ninja Revolution 3(Wii),Wii
2004,7,0.51,Dragon Ball Z: Supersonic Warriors(GBA),GBA
2008,8.4,0.5,Bully: Scholarship Edition(Wii),Wii
2007,6.7,0.5,Ratatouille(Wii),Wii
2006,6.5,0.5,Avatar: The Last Airbender(GC),GC
2007,8.7,0.5,Picross DS(DS),DS
2012,7.8,0.5,Theatrhythm: Final Fantasy(3DS),3DS
2001,9.1,0.5,Tactics Ogre: The Knight of Lodis(GBA),GBA
2008,6.3,0.5,Sega Bass Fishing(Wii),Wii
2012,7.3,0.5,Madden NFL 13(Wii),Wii
2004,8.9,0.5,Tony Hawk's Underground 2(GC),GC
2001,8.4,0.5,Rayman Advance(GBA),GBA
2006,8,0.49,Madden NFL 07(Wii),Wii
2004,5,0.49,Spider-Man 2(DS),DS
2011,7.2,0.49,Ridge Racer 3D(3DS),3DS
2009,8.4,0.49,Picross 3D(DS),DS
2007,6.7,0.49,Cars Mater-National Championship(Wii),Wii
2011,5.5,0.49,Super Monkey Ball 3D(3DS),3DS
2006,5.6,0.49,SpongeBob SquarePants: Creature from the Krusty Krab(Wii),Wii
2005,7.6,0.49,Dragon Ball Z: Supersonic Warriors 2(DS),DS
2013,6.5,0.49,Sonic Lost World(3DS),3DS
2002,6.9,0.49,WWE Wrestlemania X8(GC),GC
2007,5.3,0.49,Boogie(Wii),Wii
2007,8.7,0.49,Fire Emblem: Radiant Dawn(Wii),Wii
2003,7.7,0.49,The Sims(GC),GC
2011,6.4,0.49,Resident Evil: The Mercenaries 3D(3DS),3DS
2009,5,0.49,Star Wars Battlefront: Elite Squadron(DS),DS
2006,7.3,0.49,SpongeBob SquarePants: Creature from the Krusty Krab(DS),DS
2014,7.7,0.49,Pokemon Art Academy (3DS),3DS
2011,4.4,0.49,Asphalt 3D(3DS),3DS
2001,7.5,0.49,Crazy Taxi(GC),GC
2008,6.1,0.49,FIFA Soccer 09(DS),DS
2011,6.3,0.49,Steel Diver(3DS),3DS
2015,7.4,0.49,Bravely Second: End Layer(3DS),3DS
2004,7.8,0.48,Need for Speed: Porsche Unleashed(GBA),GBA
2015,5.6,0.48,Skylanders: SuperChargers(WiiU),WiiU
2014,8.2,0.48,Mario Golf: World Tour(3DS),3DS
2007,5.9,0.48,Crash of the Titans(DS),DS
2009,7.6,0.48,Bass Pro Shops: The Strike(Wii),Wii
2001,5.3,0.48,Midnight Club: Street Racing(GBA),GBA
2011,7.5,0.48,Fortune Street(Wii),Wii
2006,6,0.48,Children of Mana(DS),DS
2007,5.3,0.47,Spider-Man 3(Wii),Wii
2008,6.3,0.47,Ford Racing Off Road(Wii),Wii
2012,6.2,0.47,FIFA Soccer 13(WiiU),WiiU
2008,8.8,0.47,Pinball Hall of Fame: The Williams Collection(Wii),Wii
2009,7.4,0.47,MySims Racing(Wii),Wii
2007,7.3,0.47,The Sims 2: Pets(Wii),Wii
2006,9,0.47,Hamsterz Life(DS),DS
2008,4.2,0.47,Emergency Heroes(Wii),Wii
2010,6.8,0.47,FlingSmash(Wii),Wii
2009,8.1,0.47,Dead Space Extraction(Wii),Wii
2006,5.6,0.47,Pirates of the Caribbean: Dead Man's Chest(GBA),GBA
2009,8,0.47,Silent Hill: Shattered Memories(Wii),Wii
2009,7.3,0.47,Final Fantasy Crystal Chronicles: Echoes of Time(DS),DS
2007,6.5,0.47,Spider-Man 3(DS),DS
2005,8.4,0.47,Dance Dance Revolution: Mario Mix(GC),GC
2004,9,0.47,Metal Gear Solid: The Twin Snakes(GC),GC
2012,7.6,0.46,Art Academy: Lessons for Everyone(3DS),3DS
2008,6.8,0.46,SimCity Creator(Wii),Wii
2002,5.5,0.46,Dragon Ball Z: Collectible Card Game(GBA),GBA
2007,7.2,0.46,Harry Potter and the Order of the Phoenix(Wii),Wii
2005,7.7,0.46,Disney's Kim Possible 3: Team Possible(GBA),GBA
2008,6.8,0.46,The Legend of Spyro: Dawn of the Dragon(DS),DS
2010,3.7,0.46,Need for Speed: Hot Pursuit(Wii),Wii
2003,8.3,0.46,Crash Nitro Kart(GBA),GBA
2009,8.4,0.46,Boom Blox Bash Party(Wii),Wii
2014,2.4,0.45,FIFA 15(3DS),3DS
2003,8,0.45,Enter the Matrix(GC),GC
2006,7.5,0.45,Bleach: The Blade of Fate(DS),DS
2008,7.2,0.45,Tomb Raider: Underworld(Wii),Wii
2007,6.7,0.45,The New York Times Crosswords(DS),DS
2008,7.8,0.45,Karaoke Revolution Presents American Idol Encore(Wii),Wii
2014,6.4,0.45,Lego Batman 3: Beyond Gotham(3DS),3DS
2008,7,0.45,Brain Challenge(DS),DS
2007,5.8,0.45,Crash of the Titans(Wii),Wii
2014,7,0.45,Lego Batman 3: Beyond Gotham(WiiU),WiiU
2001,8.2,0.45,Tekken Advance(GBA),GBA
2007,6.8,0.45,My Fashion Studio(DS),DS
2007,7.2,0.45,Pirates of the Caribbean: At World's End(Wii),Wii
2009,7.5,0.45,LEGO Rock Band(DS),DS
2004,6.7,0.45,NBA Live 2005(GC),GC
2004,9.1,0.45,WWE Day of Reckoning(GC),GC
2011,8.2,0.45,Dead or Alive: Dimensions(3DS),3DS
2004,8.6,0.45,Mario Golf: Advance Tour(GBA),GBA
2008,4.6,0.45,Celebrity Sports Showdown(Wii),Wii
2010,8,0.45,Disney Guilty Party(Wii),Wii
2015,5.3,0.44,Mario Tennis Ultra Smash(WiiU),WiiU
2008,7.7,0.44,Sid Meier's Civilization Revolution(DS),DS
2007,5.8,0.44,Petz: Catz 2(Wii),Wii
2005,7.6,0.44,Dragon Quest Heroes: Rocket Slime(DS),DS
2009,8.2,0.44,Dance Dance Revolution: Hottest Party 3(Wii),Wii
2009,8,0.44,G-Force(Wii),Wii
2011,6.2,0.44,Madden NFL 12(Wii),Wii
2003,7.2,0.44,Wario World(GC),GC
2009,7.2,0.44,Samurai Warriors 3(Wii),Wii
2009,4,0.44,Ben 10 Alien Force: Vilgax Attacks(Wii),Wii
2002,9,0.44,TimeSplitters 2(GC),GC
2002,8.7,0.44,Eternal Darkness: Sanity's Requiem(GC),GC
2009,6.8,0.44,Food Network: Cook or Be Cooked(Wii),Wii
2007,2.8,0.44,Thrillville: Off the Rails(Wii),Wii
2004,8.6,0.43,Classic NES Series: Metroid(GBA),GBA
2007,6,0.43,Nicktoons: Attack of the Toybots(Wii),Wii
2009,7,0.43,Band Hero(DS),DS
2004,8.2,0.43,Need for Speed Underground 2(GBA),GBA
2011,6.8,0.43,Tetris Axis(3DS),3DS
2003,8.6,0.43,Mega Man Zero 2(GBA),GBA
2010,7.9,0.43,OkamiDen(DS),DS
2013,6,0.43,Hometown Story(3DS),3DS
2005,8.5,0.43,Castlevania: Dawn of Sorrow(DS),DS
2002,8.5,0.43,Madden NFL 2003(GC),GC
2008,6.6,0.43,Crash: Mind Over Mutant(Wii),Wii
2006,6.5,0.42,Naruto: Ninja Council 3(DS),DS
2002,8.6,0.42,NBA Street(GC),GC
2001,8.9,0.42,Mega Man Battle Network(GBA),GBA
2003,6.4,0.42,Medal of Honor: Rising Sun(GC),GC
2005,7.7,0.42,Tony Hawk's American Wasteland(GC),GC
2010,6.7,0.42,2010 FIFA World Cup South Africa(Wii),Wii
2009,8.1,0.42,NASCAR Kart Racing(Wii),Wii
2004,8,0.42,Lemony Snicket's A Series of Unfortunate Events(GBA),GBA
2004,8.2,0.42,James Bond 007: Everything or Nothing(GC),GC
2006,8.7,0.42,Horsez(DS),DS
2004,8.8,0.42,Mega Man Anniversary Collection(GC),GC
2008,5.8,0.42,Crash: Mind Over Mutant(DS),DS
2010,7,0.42,How to Train Your Dragon(Wii),Wii
2014,8.2,0.42,Story of Seasons(3DS),3DS
2005,6.3,0.42,Harry Potter and the Goblet of Fire(GC),GC
2012,7.5,0.42,NBA 2K13(Wii),Wii
2016,6.8,0.42,Paper Mario: Color Splash(WiiU),WiiU
2008,6.8,0.42,Valkyrie Profile: Covenant of the Plume(DS),DS
2007,9.2,0.42,Solitaire Overload(DS),DS
2013,4.5,0.42,Attack on Titan: Humanity in Chains(3DS),3DS
2015,4.4,0.41,Animal Crossing: Amiibo Festival(WiiU),WiiU
2009,2.8,0.41,Marvel Super Hero Squad(DS),DS
2012,6.9,0.41,Call of Duty: Black Ops II(WiiU),WiiU
2007,7.6,0.41,Medal of Honor Heroes 2(Wii),Wii
2002,8.7,0.41,Mortal Kombat: Deadly Alliance(GC),GC
2007,8.5,0.41,NiGHTS: Journey of Dreams(Wii),Wii
2008,7.8,0.41,Monster Jam: Urban Assault(Wii),Wii
2010,6,0.41,Harry Potter and the Deathly Hallows - Part 1(DS),DS
2003,8.2,0.4,Tak and the Power of Juju(GC),GC
2009,7.1,0.4,Six Flags Fun Park(Wii),Wii
2010,8.5,0.4,NBA Jam(Wii),Wii
2009,8.6,0.4,Rune Factory 3: A Fantasy Harvest Moon(DS),DS
2003,8.5,0.4,Harry Potter: Quidditch World Cup(GC),GC
2005,8.8,0.4,Battalion Wars(GC),GC
2013,8.5,0.4,The Wonderful 101(WiiU),WiiU
2006,7.3,0.4,Marvel: Ultimate Alliance(Wii),Wii
2006,6.7,0.4,Rampage: Total Destruction(GC),GC
2004,8.4,0.4,The Urbz: Sims in the City(GC),GC
2009,7.1,0.4,Spore Hero(Wii),Wii
2009,6,0.4,Ghostbusters: The Video Game(DS),DS
2004,8.9,0.4,Call of Duty: Finest Hour(GC),GC
2007,7.2,0.4,Naruto: Path of the Ninja(DS),DS
2006,8.3,0.4,Castlevania: Portrait of Ruin(DS),DS
2009,3.1,0.39,Sherlock Holmes: The Mystery of the Mummy(DS),DS
2009,5.3,0.39,Star Wars The Clone Wars: Republic Heroes(DS),DS
2012,7.6,0.39,LEGO The Lord of the Rings(3DS),3DS
2010,8.8,0.39,No More Heroes 2: Desperate Struggle(Wii),Wii
2011,7,0.39,Fishing Resort(Wii),Wii
2012,7.3,0.39,Project X Zone(3DS),3DS
2011,5.3,0.39,Madden NFL Football(3DS),3DS
2004,6,0.39,Donkey Konga 2(GC),GC
2011,5.3,0.39,Combat of Giants: Dinosaurs 3D(3DS),3DS
2004,7.6,0.39,Madden NFL 2005(GBA),GBA
2009,7.6,0.39,Final Fantasy Crystal Chronicles: The Crystal Bearers(Wii),Wii
2013,7.3,0.39,Sonic Lost World(WiiU),WiiU
2005,7.5,0.39,The Sims 2(GBA),GBA
2005,9,0.39,Advance Wars: Dual Strike(DS),DS
2011,7.7,0.39,Samurai Warriors Chronicles(3DS),3DS
2013,7.6,0.39,One Piece: Unlimited World Red(3DS),3DS
2003,8.3,0.39,Harry Potter: Quidditch World Cup(GBA),GBA
2011,8.2,0.38,Shin Megami Tensei: Devil Survivor Overclocked(3DS),3DS
2008,8.4,0.38,Naruto: Clash of Ninja Revolution 2(Wii),Wii
2002,7,0.38,Turok: Evolution(GC),GC
2013,4.3,0.38,FIFA 14(Wii),Wii
2005,5.7,0.38,Marvel Nemesis: Rise of the Imperfects(GC),GC
2007,5.4,0.38,Brunswick Pro Bowling(Wii),Wii
2003,8.7,0.38,SSX 3(GC),GC
2012,7.8,0.38,Metal Gear Solid: Snake Eater 3D(3DS),3DS
2010,9,0.38,Ghost Trick: Phantom Detective(DS),DS
2003,6,0.38,Pokemon Channel(GC),GC
2007,8.1,0.38,The Dog Island(Wii),Wii
2009,6.3,0.38,Need for Speed: Nitro(DS),DS
2008,4.5,0.38,Cabela's Dangerous Hunts 2009(Wii),Wii
2013,4.8,0.38,LEGO Marvel Super Heroes(DS),DS
2011,6.7,0.38,Pro Evolution Soccer 2011 3D(3DS),3DS
2014,7,0.38,Wii Sports Club(WiiU),WiiU
2004,7.3,0.38,Harry Potter and the Prisoner of Azkaban(GC),GC
2012,6.9,0.37,Skylanders Giants(WiiU),WiiU
2009,8.6,0.37,NBA 2K10(Wii),Wii
2005,7.2,0.37,Ultimate Spider-Man(GC),GC
2008,6.1,0.37,Imagine: Party Babyz(Wii),Wii
2012,7.8,0.37,Just Dance 4(WiiU),WiiU
2002,4.7,0.37,"Monsters, Inc. Scream Arena(GC)",GC
2009,6.3,0.37,Guitar Hero On Tour: Modern Hits(DS),DS
2004,8.1,0.37,Custom Robo(GC),GC
2014,8.2,0.37,Theatrhythm Final Fantasy: Curtain Call(3DS),3DS
2009,5.5,0.37,DiRT 2(Wii),Wii
2002,8.3,0.37,Pac-Man World 2(GC),GC
2007,7.1,0.37,The BIGS(Wii),Wii
2006,6.8,0.37,The Legend of Spyro: A New Beginning(DS),DS
2009,7.7,0.37,Virtua Tennis 2009(Wii),Wii
2009,7.9,0.37,Overlord: Dark Legend(Wii),Wii
2007,2.7,0.37,The Legend of Spyro: The Eternal Night(DS),DS
2008,8.5,0.37,Rune Factory: Frontier(Wii),Wii
2009,8.3,0.37,Mini Ninjas(Wii),Wii
2008,5.7,0.37,Naruto Shippuden: Ninja Destiny 2(DS),DS
2012,7.4,0.37,Scribblenauts: Unlimited(WiiU),WiiU
2009,8.3,0.36,Fragile Dreams: Farewell Ruins of the Moon(Wii),Wii
2004,6.7,0.36,GoldenEye: Rogue Agent(GC),GC
2006,8.6,0.36,Elite Beat Agents(DS),DS
2008,8.7,0.36,Castlevania: Order of Ecclesia(DS),DS
2010,8.8,0.36,Green Day: Rock Band(Wii),Wii
2016,7.4,0.36,Star Fox: Zero(WiiU),WiiU
2009,7.9,0.36,Dragon Ball Z: Attack of the Saiyans(DS),DS
2002,9.3,0.36,Hamtaro: Ham-Ham Heartbreak(GBA),GBA
2009,6.2,0.36,Marvel Super Hero Squad(Wii),Wii
2008,7.1,0.36,The Chronicles of Narnia: Prince Caspian(Wii),Wii
2007,5.9,0.36,TMNT(Wii),Wii
2014,4.8,0.36,Fossil Fighters: Frontier(3DS),3DS
2012,2.7,0.36,ESPN: Sports Connection(WiiU),WiiU
2005,8.7,0.35,Trauma Center: Under the Knife(DS),DS
2008,1.1,0.35,AMF Bowling World Lanes(Wii),Wii
2007,9.1,0.35,Worms: Open Warfare 2(DS),DS
2009,6.8,0.35,NHL 2K10(Wii),Wii
2012,7.1,0.35,Assassin's Creed III(WiiU),WiiU
2003,5.8,0.35,Star Wars: Flight of the Falcon(GBA),GBA
2009,8.2,0.35,Teenage Mutant Ninja Turtles: Smash-Up(Wii),Wii
2006,7.8,0.35,Need for Speed Carbon(GC),GC
2007,4.8,0.35,Chicken Shoot(Wii),Wii
2004,8,0.35,NFL Street(GC),GC
2006,9.3,0.35,Over the Hedge(GC),GC
2011,6.7,0.34,Tiger Woods PGA Tour 12: The Masters(Wii),Wii
2013,3.4,0.34,Call of Duty: Ghosts(WiiU),WiiU
2010,7.6,0.34,SpongeBob's Boating Bash(Wii),Wii
2011,5.2,0.34,WWE '12(Wii),Wii
2002,6.6,0.34,Driver 2 Advance(GBA),GBA
2009,5.8,0.34,Mini Ninjas(DS),DS
2007,7.6,0.34,Battalion Wars 2(Wii),Wii
2006,8,0.34,Trauma Center: Second Opinion(Wii),Wii
2005,6,0.34,WWE Day of Reckoning 2(GC),GC
2011,6.8,0.34,NBA 2K12(Wii),Wii
2005,7.6,0.34,SpongeBob SquarePants: The Yellow Avenger(DS),DS
2008,7.3,0.34,SimCity Creator(DS),DS
2011,7.9,0.34,Tom Clancy's Ghost Recon: Shadow Wars(3DS),3DS
2005,6.8,0.34,Herbie: Fully Loaded(GBA),GBA
2003,8,0.34,Teenage Mutant Ninja Turtles(GC),GC
2007,8.7,0.34,Puzzle Quest: Challenge of the Warlords(DS),DS
2013,3,0.34,Angry Birds Star Wars(3DS),3DS
2003,8.1,0.33,Banjo-Kazooie: Grunty's Revenge(GBA),GBA
2007,8.6,0.33,Mega Man ZX Advent(DS),DS
2006,6.4,0.33,Avatar: The Last Airbender(DS),DS
2003,8.7,0.33,WWE Wrestlemania XIX(GC),GC
2005,8.3,0.33,The Sims 2(GC),GC
2004,8.6,0.33,Tak 2: The Staff of Dreams(GC),GC
2007,7.6,0.33,Bee Movie Game(Wii),Wii
2004,8.6,0.33,Classic NES Series: Castlevania(GBA),GBA
2007,8.2,0.33,Planet Puzzle League(DS),DS
2007,8.5,0.33,Etrian Odyssey(DS),DS
2005,7.9,0.33,Call Of Duty 2: Big Red One(GC),GC
2015,6.6,0.33,Dragon Ball Z: Extreme Butoden(3DS),3DS
2011,6.6,0.33,Harry Potter and the Deathly Hallows - Part 2(Wii),Wii
2006,7.7,0.33,SpongeBob SquarePants: Creature from the Krusty Krab(GC),GC
2003,7.7,0.33,Spy Kids 3-D: Game Over(GBA),GBA
2003,7.8,0.33,Power Rangers: Ninja Storm(GBA),GBA
2005,8.7,0.33,MVP Baseball 2005(GC),GC
2007,8.1,0.33,SSX Blur(Wii),Wii
2006,6.9,0.33,Teen Titans(GC),GC
2008,8.3,0.33,MX vs. ATV Untamed(Wii),Wii
2007,7.6,0.33,EA Playground(DS),DS
2011,8.2,0.32,Mystery Case Files: The Malgrave Incident(Wii),Wii
2010,4.6,0.32,Iron Man 2(Wii),Wii
2011,5.7,0.32,The Adventures of Tintin: The Game(Wii),Wii
2006,7.4,0.32,Elebits(Wii),Wii
2015,8.5,0.32,Hatsune Miku: Project Mirai DX(3DS),3DS
2009,5.2,0.32,Marvel: Ultimate Alliance 2(Wii),Wii
2008,7.8,0.32,Madden NFL 09(DS),DS
2003,8.4,0.32,Prince of Persia: The Sands of Time(GC),GC
2006,7.5,0.32,Bleach: Shattered Blade(Wii),Wii
2010,8,0.31,Etrian Odyssey III: The Drowned City(DS),DS
2007,8.1,0.31,Fishing Master(Wii),Wii
2003,6.6,0.31,Madden NFL 2004(GBA),GBA
2009,3,0.31,Birthday Party Bash(Wii),Wii
2008,8.4,0.31,Monster Lab(Wii),Wii
2011,4.8,0.31,Bust-A-Move Universe(3DS),3DS
2013,7.4,0.31,Batman: Arkham Origins(WiiU),WiiU
2011,8.8,0.31,Shin Megami Tensei: Devil Survivor 2(DS),DS
2014,3.6,0.31,Sonic Boom: Rise of Lyric(WiiU),WiiU
2013,3.6,0.31,LEGO Legends of Chima: Laval's Journey(3DS),3DS
2006,0.3,0.31,Happy Feet(DS),DS
2002,9,0.31,Mega Man Battle Network 2(GBA),GBA
2011,8,0.31,Pandora's Tower(Wii),Wii
2009,2.1,0.31,SimAnimals(Wii),Wii
2002,6.6,0.31,NASCAR Thunder 2003(GC),GC
2010,8.9,0.31,Mega Man Zero Collection(DS),DS
2009,7.8,0.31,Cabela's Outdoor Adventures (2009)(Wii),Wii
2005,7.8,0.3,Star Wars Episode III: Revenge of the Sith(DS),DS
2005,7.3,0.3,Ultimate Spider-Man(GBA),GBA
2002,8.9,0.3,Shrek Swamp Kart Speedway(GBA),GBA
2007,8.4,0.3,Contra 4(DS),DS
2003,7.5,0.3,Spyro: Attack of the Rhynocs(GBA),GBA
2016,6.8,0.3,Mario Party: Star Rush(3DS),3DS
2002,7.9,0.3,Burnout(GC),GC
2005,3.8,0.3,Charlie and the Chocolate Factory(GBA),GBA
2011,5.5,0.3,Tom Clancy's Splinter Cell 3D(3DS),3DS
2003,5.9,0.3,Crazy Taxi: Catch a Ride(GBA),GBA
2011,7.3,0.3,One Piece Unlimited Cruise SP(3DS),3DS
2008,8.9,0.3,Resident Evil Archives: Resident Evil(Wii),Wii
2010,9,0.29,Radiant Historia(DS),DS
2009,8.7,0.29,Shaun White Snowboarding: World Stage(Wii),Wii
2010,8,0.29,Batman: The Brave and the Bold the Videogame(DS),DS
2003,8.2,0.29,Need for Speed Underground(GBA),GBA
2010,5.2,0.29,MySims SkyHeroes(Wii),Wii
2005,8.4,0.29,NBA Street V3(GC),GC
2008,7.3,0.29,Glory of Heracles(DS),DS
2010,7.6,0.29,ExerBeat(Wii),Wii
2009,8.8,0.29,Little King's Story(Wii),Wii
2008,5.4,0.29,Zoo Tycoon 2 DS(DS),DS
2003,8,0.29,Duel Masters: Sempai Legends(GBA),GBA
2008,8.8,0.29,Harvest Moon: Magical Melody(Wii),Wii
2007,7.7,0.29,Prince of Persia: Rival Swords(Wii),Wii
2004,7.8,0.29,The Lord of the Rings: The Third Age(GC),GC
2005,8.1,0.29,Trace Memory(DS),DS
2007,8,0.29,Trauma Center: New Blood(Wii),Wii
2012,3.7,0.29,FIFA Soccer 13(3DS),3DS
2009,8.5,0.29,The BIGS 2(Wii),Wii
2014,6.3,0.29,Sonic Boom: Shattered Crystal(3DS),3DS
2007,8.4,0.29,MLB Power Pros(Wii),Wii
2007,6.2,0.29,Puzzle Quest: Challenge of the Warlords(Wii),Wii
2010,8.8,0.29,Sengoku Basara: Samurai Heroes(Wii),Wii
2004,8.1,0.29,Feel the Magic XY/XX(DS),DS
2009,6.5,0.29,Dead Rising: Chop Till You Drop(Wii),Wii
2004,8.3,0.29,Spyro: A Hero's Tail(GC),GC
2013,7.7,0.29,Assassin's Creed IV: Black Flag(WiiU),WiiU
2001,5.7,0.29,Earthworm Jim(GBA),GBA
2003,8.1,0.29,Tales of Phantasia(GBA),GBA
2005,8.2,0.28,Dragon Ball GT: Transformation(GBA),GBA
2006,8.5,0.28,Dragon Ball Z: Budokai Tenkaichi 2(Wii),Wii
2003,9,0.28,ATV Quad Power Racing 2(GC),GC
2006,8.4,0.28,Final Fantasy VI Advance(GBA),GBA
2009,7.5,0.28,Reel Fishing: Angler's Dream(Wii),Wii
2007,6.7,0.28,Shrek the Third(Wii),Wii
2007,7,0.28,Surf's Up(DS),DS
2009,7.3,0.28,Assassin's Creed II: Discovery(DS),DS
2006,8.3,0.28,Mega Man ZX(DS),DS
2009,5.2,0.28,Guitar Hero: Van Halen(Wii),Wii
2014,7.1,0.28,NES Remix(WiiU),WiiU
2014,3.4,0.28,Skylanders: Trap Team(3DS),3DS
2001,7.7,0.28,Dave Mirra Freestyle BMX 2(GC),GC
2006,5.8,0.28,Avatar: The Last Airbender(Wii),Wii
2003,9.1,0.28,Castlevania: Aria of Sorrow(GBA),GBA
2009,8.7,0.28,Shin Megami Tensei: Strange Journey(DS),DS
2009,8.3,0.27,Ice Age: Dawn of the Dinosaurs(Wii),Wii
2004,5.8,0.27,Dragon Ball Z: Budokai 2(GC),GC
2006,6.4,0.27,Over the Hedge(DS),DS
2011,3.6,0.27,Need for Speed: The Run(Wii),Wii
2008,5.4,0.27,WWII Aces(Wii),Wii
2003,9,0.27,Baten Kaitos: Eternal Wings and the Lost Ocean(GC),GC
2005,7.1,0.27,Pac-Pix(DS),DS
2012,5.4,0.27,Sing Party(WiiU),WiiU
2002,8.7,0.27,Ty the Tasmanian Tiger(GC),GC
2002,7.5,0.27,WWE Road to WrestleMania X8(GBA),GBA
2010,6.5,0.27,Transformers: Cybertron Adventures(Wii),Wii
2010,5.8,0.27,NHL 2K11(Wii),Wii
2013,6.8,0.27,Batman: Arkham Origins Blackgate(3DS),3DS
2003,9,0.27,NBA Live 2004(GC),GC
2006,7.3,0.27,The Sims 2: Pets(GC),GC
2014,7.6,0.27,Ultimate NES Remix(3DS),3DS
2008,7.2,0.27,AC/DC LIVE: Rock Band Track Pack(Wii),Wii
2008,6.7,0.27,My Japanese Coach(DS),DS
2005,6.1,0.27,Need for Speed: Most Wanted(DS),DS
2007,7,0.26,Fish Tycoon(DS),DS
2010,5.6,0.26,America's Test Kitchen: Let's Get Cooking(DS),DS
2008,7.4,0.26,Suikoden Tierkreis(DS),DS
2009,8.8,0.26,Shin Megami Tensei: Devil Survivor(DS),DS
2013,2.8,0.26,Angry Birds Star Wars(Wii),Wii
2008,8.9,0.26,Etrian Odyssey II: Heroes of Lagaard(DS),DS
2013,8.2,0.26,Etrian Odyssey Untold: The Millennium Girl(3DS),3DS
2006,7.2,0.26,Final Fantasy V Advance(GBA),GBA
2005,8.3,0.26,Need for Speed: Most Wanted(GBA),GBA
2002,7.6,0.26,Star Wars: Bounty Hunter(GC),GC
2007,5,0.26,Bratz: The Movie(Wii),Wii
2009,4.5,0.26,Major League Baseball 2K9(Wii),Wii
2011,7.9,0.26,Inazuma Eleven Strikers(Wii),Wii
2001,5.8,0.26,Batman: Vengeance(GC),GC
2003,7.4,0.26,Crash Nitro Kart(GC),GC
2009,8.6,0.26,ExciteBots: Trick Racing(Wii),Wii
2006,8.4,0.26,Resident Evil: Deadly Silence(DS),DS
2005,7.6,0.26,Rayman DS(DS),DS
2008,3.6,0.26,Nancy Drew: The Mystery of the Clue Bender Society(DS),DS
2002,8.2,0.26,Castlevania: Harmony of Dissonance(GBA),GBA
2006,8.6,0.26,Pirates of the Caribbean: Dead Man's Chest(DS),DS
2004,7.7,0.26,Madden NFL 2005(DS),DS
2004,8.5,0.26,MVP Baseball 2004(GC),GC
2004,8.4,0.26,Polarium(DS),DS
2001,7.4,0.25,Super Street Fighter II: Turbo Revival(GBA),GBA
2005,7.9,0.25,Metroid Prime Pinball(DS),DS
2002,8.5,0.25,Bomberman Generation(GC),GC
2006,8.6,0.25,Happy Feet(GC),GC
2009,5.6,0.25,Final Fantasy Crystal Chronicles: Echoes of Time(Wii),Wii
2015,7.1,0.25,The Legend of Legacy(3DS),3DS
2005,7.9,0.25,Medal of Honor European Assault(GC),GC
2003,8.7,0.25,Billy Hatcher and the Giant Egg(GC),GC
2008,7,0.25,Imagine: Ballet Star(DS),DS
2010,3,0.25,Minute to Win It(Wii),Wii
2010,6.6,0.25,Michael Jackson: The Experience(DS),DS
2003,8.5,0.25,Def Jam Vendetta(GC),GC
2008,6.9,0.25,Spider-Man: Web of Shadows(Wii),Wii
2007,6.2,0.25,Tony Hawk's Proving Ground(Wii),Wii
2005,7.9,0.25,"Ed, Edd n Eddy: The Mis-Edventures(GC)",GC
2009,6.8,0.25,Indiana Jones and the Staff of Kings(DS),DS
2009,6.1,0.25,X-Men Origins: Wolverine(Wii),Wii
2005,6.2,0.25,X-Men Legends II: Rise of Apocalypse(GC),GC
2002,7.4,0.25,NBA Courtside 2002(GC),GC
2005,7.9,0.24,Catz(GBA),GBA
2015,8.7,0.24,Stella Glow(3DS),3DS
2010,8.6,0.24,Racquet Sports(Wii),Wii
2013,6.4,0.24,Skylanders SWAP Force(3DS),3DS
2011,7.8,0.24,Ace Combat: Assault Horizon Legacy(3DS),3DS
2005,8.9,0.24,Harvest Moon: Magical Melody(GC),GC
2005,5,0.24,DK: King of Swing(GBA),GBA
2010,6.9,0.24,Percy Jackson and the Olympians: The Lightning Thief(DS),DS
2005,8.3,0.24,Peter Jackson's King Kong: The Official Game of the Movie(GC),GC
2007,6.2,0.24,Dancing With The Stars(Wii),Wii
2001,7.7,0.24,The Simpsons: Road Rage(GC),GC
2004,9.2,0.24,Harvest Moon: Another Wonderful Life(GC),GC
2006,7.4,0.24,Final Fantasy Fables: Chocobo Tales(DS),DS
2005,4,0.24,Fantastic 4(GC),GC
2005,5.4,0.24,Tony Hawk's American Sk8land(GBA),GBA
2015,7.9,0.24,Etrian Mystery Dungeon(3DS),3DS
2007,7,0.24,Luminous Arc(DS),DS
2008,8.6,0.24,Boogie SuperStar(Wii),Wii
2004,7.1,0.24,Grand Theft Auto(GBA),GBA
2008,7.4,0.24,Avalon Code(DS),DS
2008,8.2,0.24,Resident Evil Archives: Resident Evil Zero(Wii),Wii
2010,7.7,0.24,Spider-Man: Shattered Dimensions(Wii),Wii
2016,6.8,0.24,LEGO Marvel's Avengers(WiiU),WiiU
2008,5.4,0.24,PDC World Championship Darts 2008(Wii),Wii
2009,8.1,0.24,Broken Sword: Shadow of the Templars - The Director's Cut(Wii),Wii
2006,7.5,0.23,Naruto: Path of the Ninja 2(DS),DS
2010,8.1,0.23,Prince of Persia: The Forgotten Sands(Wii),Wii
2009,6.5,0.23,Disney's A Christmas Carol(DS),DS
2008,7.9,0.23,Sands of Destruction(DS),DS
2005,6,0.23,Harry Potter and the Goblet of Fire(DS),DS
2005,7.5,0.23,Meteos(DS),DS
2002,7.8,0.23,Star Wars Jedi Knight II: Jedi Outcast(GC),GC
2003,8.7,0.23,Tom Clancy's Splinter Cell(GC),GC
2010,7.8,0.23,The Lord of the Rings: Aragorn's Quest(Wii),Wii
2007,5.1,0.23,Looney Tunes: Acme Arsenal(Wii),Wii
2012,5.6,0.23,Epic Mickey 2: The Power of Two(WiiU),WiiU
2010,6.8,0.23,TrackMania: Build to Race(Wii),Wii
2008,5.5,0.23,Ultimate Band(Wii),Wii
2006,7.8,0.23,Lunar Knights(DS),DS
2011,7.4,0.23,WWE All Stars(3DS),3DS
2007,8.4,0.23,Mortal Kombat: Armageddon(Wii),Wii
2012,6.7,0.23,Madden NFL 13(WiiU),WiiU
2002,8,0.23,Tiger Woods PGA Tour 2003(GC),GC
2007,6.7,0.23,Tony Hawk's Proving Ground(DS),DS
2008,6.7,0.23,Need For Speed: Undercover(DS),DS
2010,5.4,0.22,pro evolution soccer 2011(Wii),Wii
2002,9.2,0.22,Skies of Arcadia Legends(GC),GC
2001,8.8,0.22,Breath of Fire(GBA),GBA
2014,7.8,0.22,LEGO The Hobbit(WiiU),WiiU
2004,9,0.22,NCAA Football 2005(GC),GC
2004,7.8,0.22,Hamtaro: Ham-Ham Games(GBA),GBA
2005,8.8,0.22,Danny Phantom: The Ultimate Enemy(GBA),GBA
2011,3.1,0.22,NASCAR 2011: The Game(Wii),Wii
2012,6.1,0.22,Spirit Camera: The Cursed Memoir(3DS),3DS
2008,5.6,0.22,FaceBreaker K.O. Party(Wii),Wii
2004,9,0.22,Mega Man Zero 3(GBA),GBA
2006,7.8,0.22,Super Swing Golf(Wii),Wii
2008,7.7,0.22,Luminous Arc 2(DS),DS
2011,7.3,0.22,Shinobi(3DS),3DS
2006,7,0.22,Tony Hawk's Downhill Jam(DS),DS
2006,7.9,0.22,Age of Empires: The Age of Kings(DS),DS
2004,8.5,0.22,The Lord of the Rings: The Third Age(GBA),GBA
2007,8,0.22,Dinosaur King(DS),DS
2008,6.3,0.22,Pitfall: The Big Adventure(Wii),Wii
2002,5.6,0.22,Tetris Worlds(GC),GC
2004,8.3,0.22,Viewtiful Joe 2(GC),GC
2007,5.6,0.22,Touch the Dead(DS),DS
2008,5.8,0.22,Ragnarok DS(DS),DS
2001,5.6,0.22,All-Star Baseball 2002(GC),GC
2005,8.5,0.22,From Russia With Love(GC),GC
2008,5.9,0.22,NBA Live 09 All-Play(Wii),Wii
2014,6.8,0.22,Senran Kagura 2: Deep Crimson (3DS),3DS
2008,8.2,0.22,KORG DS-10 Synthesizer(DS),DS
2003,7.1,0.22,Naruto: Ninja Council(GBA),GBA
2009,8.8,0.22,Deadly Creatures(Wii),Wii
2002,8.3,0.22,NFL 2K3(GC),GC
2003,4.8,0.22,American Idol(GBA),GBA
2002,7.4,0.22,Britney's Dance Beat(GBA),GBA
2005,7.8,0.22,Shrek SuperSlam(GC),GC
2010,4,0.21,Star Wars: The Force Unleashed II(DS),DS
2006,5.6,0.21,Rampage: Total Destruction(Wii),Wii
2002,6.5,0.21,Robotech: The Macross Saga(GBA),GBA
2015,7.7,0.21,Code Name: S.T.E.A.M.(3DS),3DS
2009,8.9,0.21,Where's Waldo? The Fantastic Journey(DS),DS
2005,8.7,0.21,Tony Hawk's American Sk8land(DS),DS
2016,7.6,0.21,Dragon Ball: Fusions(3DS),3DS
2006,6.5,0.21,Madden NFL 07(DS),DS
2008,7.8,0.21,Ninja Gaiden: Dragon Sword(DS),DS
2011,7,0.21,Pro Evolution Soccer 2012(Wii),Wii
2007,6.4,0.21,The Legend of Spyro: The Eternal Night(Wii),Wii
2009,7.6,0.21,Cursed Mountain(Wii),Wii
2008,6.9,0.21,Age of Empires: Mythologies(DS),DS
2003,4.2,0.21,Bionicle(GC),GC
2012,7.4,0.21,Heroes of Ruin(3DS),3DS
2009,8.7,0.21,A Boy and His Blob(Wii),Wii
2001,8.7,0.21,NHL Hitz 20-02(GC),GC
2002,8.1,0.21,NCAA Football 2003(GC),GC
2007,8,0.21,Final Fantasy Fables: Chocobo's Dungeon(Wii),Wii
2011,7.7,0.21,You Don't Know Jack(Wii),Wii
2016,7.1,0.21,Mega Man Legacy Collection(3DS),3DS
2010,6.6,0.21,The Last Airbender(Wii),Wii
2001,7.8,0.21,Final Fight One(GBA),GBA
2011,5.5,0.21,Frogger 3D(3DS),3DS
2008,6.5,0.21,Blue Dragon Plus(DS),DS
2002,7.5,0.21,BeyBlade VForce: Super Tournament Battle(GC),GC
2005,6.6,0.21,Dragon Ball Z: Sagas(GC),GC
2002,6.9,0.21,Power Rangers: Wild Force(GBA),GBA
2008,7.8,0.21,Tenchu: Shadow Assassins(Wii),Wii
2004,7.8,0.2,Beyblade G-Revolution(GBA),GBA
2013,5.3,0.2,Disney's Planes(WiiU),WiiU
2006,7.5,0.2,Need for Speed Carbon: Own the City(DS),DS
2007,6.2,0.2,Dragon Ball Z: Harukanaru Densetsu(DS),DS
2003,9.2,0.2,Harvest Moon: More Friends of Mineral Town(GBA),GBA
2003,7.2,0.2,X2: Wolverine's Revenge(GBA),GBA
2012,7.6,0.2,Code of Princess(3DS),3DS
2009,5.8,0.2,Planet 51(Wii),Wii
2004,8.6,0.2,Ty the Tasmanian Tiger 2: Bush Rescue(GC),GC
2009,7.3,0.2,Dragon Ball: Revenge of King Piccolo(Wii),Wii
2009,9,0.2,Infinite Space(DS),DS
2012,5.9,0.2,Tekken 3D: Prime Edition(3DS),3DS
2009,6.7,0.2,Marvel: Ultimate Alliance 2(DS),DS
2008,8.8,0.2,My Secret World by Imagine(DS),DS
2002,8.3,0.2,SpongeBob SquarePants: Revenge of the Flying Dutchman(GC),GC
2008,8,0.2,Bleach: The 3rd Phantom(DS),DS
2004,6.8,0.2,MC Groovz Dance Craze(GC),GC
2004,8.6,0.2,Prince of Persia: Warrior Within(GC),GC
2011,8,0.2,Cabela's Survival: Shadows of Katmai(Wii),Wii
2009,8.1,0.2,X-Men Origins: Wolverine(DS),DS
2010,7.9,0.2,Solatorobo: Red the Hunter(DS),DS
2003,9.2,0.19,The Hobbit(GBA),GBA
2001,8.8,0.19,Breath of Fire II(GBA),GBA
2011,7,0.19,Rune Factory: Tides of Destiny(Wii),Wii
2009,8.4,0.19,Spectrobes: Origins(Wii),Wii
2008,7.6,0.19,Shiren the Wanderer(Wii),Wii
2016,7.1,0.19,LEGO Marvel's Avengers(3DS),3DS
2009,2.6,0.19,Spore Hero Arena(DS),DS
2002,8.9,0.19,Disney's Magical Mirror Starring Mickey Mouse(GC),GC
2009,7.1,0.19,Space Invaders Extreme 2(DS),DS
2011,6,0.19,Need for Speed: The Run(3DS),3DS
2009,8.5,0.19,Dawn of Discovery(Wii),Wii
2015,6.1,0.19,Guitar Hero Live(WiiU),WiiU
2011,6,0.19,SpongeBob SquigglePants 3D(3DS),3DS
2009,7.8,0.19,Arc Rise Fantasia(Wii),Wii
2004,4.6,0.19,Teenage Mutant Ninja Turtles 2: Battle Nexus(GC),GC
2011,7,0.19,WWE All Stars(Wii),Wii
2006,4.4,0.19,Naruto: Ninja Destiny(DS),DS
2010,7,0.19,Spider-Man: Shattered Dimensions(DS),DS
2002,7.8,0.19,Lunar Legend(GBA),GBA
2013,7.9,0.19,Injustice: Gods Among Us(WiiU),WiiU
2008,8.4,0.19,Tomb Raider: Underworld(DS),DS
2003,7.4,0.19,Hulk(GC),GC
2013,7.5,0.19,Resident Evil: Revelations(WiiU),WiiU
2006,7.3,0.19,The Legend of Spyro: A New Beginning(GC),GC
2008,7.6,0.19,Nostalgia(DS),DS
2007,7.5,0.19,Chibi-Robo! Park Patrol(DS),DS
2009,8.5,0.19,"Ni Hao, Kai-lan: Super Game Day(Wii)",Wii
2007,8.5,0.19,One Piece: Unlimited Adventure(Wii),Wii
2008,5.7,0.19,Jeep Thrills(Wii),Wii
2007,6.3,0.19,Disney's Meet the Robinsons(Wii),Wii
2007,7.5,0.18,Dragon Blade: Wrath of Fire(Wii),Wii
2009,8.2,0.18,The Munchables(Wii),Wii
2008,7.5,0.18,Disgaea DS(DS),DS
2002,8.5,0.18,Bloody Roar: Primal Fury(GC),GC
2009,5.4,0.18,MotoGP(Wii),Wii
2008,8.7,0.18,Mushroom Men: The Spore Wars(Wii),Wii
2010,7,0.18,The Last Airbender(DS),DS
2008,4.4,0.18,Alone in the Dark(Wii),Wii
2008,7,0.18,Six Flags Fun Park(DS),DS
2005,7.5,0.18,"The Chronicles of Narnia: The Lion, The Witch and The Wardrobe(DS)",DS
2002,9.1,0.18,Gauntlet: Dark Legacy(GC),GC
2005,8.6,0.18,Gun(GC),GC
2007,5.7,0.18,SoulCalibur Legends(Wii),Wii
2003,7.5,0.18,Tiger Woods PGA Tour 2004(GBA),GBA
2011,8.1,0.18,de Blob 2(Wii),Wii
2001,8,0.18,FIFA Soccer 2002(GC),GC
2001,7.4,0.18,Disney's Tarzan Untamed(GC),GC
2005,3.2,0.18,Charlie and the Chocolate Factory(GC),GC
2005,6,0.18,Burnout Legends(DS),DS
2009,3,0.18,Naruto Shippuden: Dragon Blade Chronicles(Wii),Wii
2008,6,0.18,Nancy Drew: The Hidden Staircase(DS),DS
2009,5.2,0.18,Monster 4x4: Stunt Racer(Wii),Wii
2008,7.8,0.18,WWE SmackDown vs. Raw 2009(DS),DS
2002,6.7,0.17,Rugrats: Royal Ransom(GC),GC
2006,7.9,0.17,Winning Eleven: Pro Evolution Soccer 2007(DS),DS
2003,7.3,0.17,The Hobbit(GC),GC
2008,7.8,0.17,Skate it(DS),DS
2005,8.8,0.17,True Crime: New York City(GC),GC
2005,7.9,0.17,Fight Night Round 2(GC),GC
2003,5,0.17,Looney Tunes: Back in Action(GC),GC
2005,6.9,0.17,Batman Begins(GBA),GBA
2007,7.4,0.17,Mercury Meltdown Revolution(Wii),Wii
2008,6.6,0.17,Let's TAP(Wii),Wii
2008,7.7,0.17,Professor Heinz Wolff's Gravity(Wii),Wii
2005,7.5,0.17,SSX On Tour(GC),GC
2003,8.3,0.17,James Bond 007: Everything or Nothing(GBA),GBA
2002,5.6,0.17,Shrek Extra Large(GC),GC
2003,7.6,0.17,Mega Man Network Transmission(GC),GC
2002,8,0.17,Lost Kingdoms(GC),GC
2002,6,0.17,Wolfenstein 3D(GBA),GBA
2007,7.9,0.17,Dementium: The Ward(DS),DS
2007,8,0.17,Bomberman Land(Wii),Wii
2003,8.2,0.17,Midway Arcade Treasures(GC),GC
2002,8.5,0.17,Cubivore: Survival of the Fittest(GC),GC
2015,8.2,0.17,7th Dragon III Code: VFD(3DS),3DS
2004,7.5,0.16,Zoo Keeper(DS),DS
2011,6.2,0.16,Driver: San Francisco(Wii),Wii
2007,7.3,0.16,Disney Friends(DS),DS
2002,8.4,0.16,Robotech: Battlecry(GC),GC
2011,6.8,0.16,F1 2011(3DS),3DS
2008,5.8,0.16,NCAA Football 09 All-Play(Wii),Wii
2011,6.1,0.16,Doctor Lautrec and the Forgotten Knights(3DS),3DS
2003,7,0.16,Hot Wheels World Race(GC),GC
2007,7.8,0.16,Monster Jam(Wii),Wii
2008,5.9,0.16,Castlevania Judgment(Wii),Wii
2011,8.2,0.16,Aliens: Infestation(DS),DS
2015,6.8,0.16,Return to PopoloCrois: A Story of Seasons Fairytale(3DS),3DS
2005,7.3,0.16,Crash Tag Team Racing(GC),GC
2005,7.7,0.16,True Swing Golf(DS),DS
2008,3.5,0.16,Goosebumps HorrorLand(Wii),Wii
2005,6.6,0.16,The Incredibles: Rise of the Underminer(GC),GC
2007,6.3,0.16,Dewy's Adventure(Wii),Wii
2007,7.1,0.16,NBA Live 08(Wii),Wii
2009,7.3,0.16,Marble Saga: Kororinpa(Wii),Wii
2006,7.6,0.16,Eragon(DS),DS
2005,5.7,0.16,Spyro: Shadow Legacy(DS),DS
2003,8.5,0.16,F-Zero: GP Legend(GBA),GBA
2008,8.6,0.16,Klonoa(Wii),Wii
2006,8.3,0.16,Custom Robo Arena(DS),DS
2003,7.8,0.16,Tiger Woods PGA Tour 2004(GC),GC
2008,7.8,0.16,Time Hollow(DS),DS
2009,5.9,0.16,Medieval Games(Wii),Wii
2008,8,0.16,Tak and the Guardians of Gross(Wii),Wii
2007,7.2,0.16,Godzilla Unleashed(Wii),Wii
2011,6.6,0.15,James Noir's Hollywood Crimes(3DS),3DS
2010,8,0.15,Lufia: Curse of the Sinistrals(DS),DS
2005,7.7,0.15,Ultimate Spider-Man(DS),DS
2003,8.5,0.15,Burnout 2: Point of Impact(GC),GC
2007,6.7,0.15,Chessmaster: The Art of Learning(DS),DS
2005,9.3,0.15,Tak: The Great Juju Challenge(GC),GC
2002,6.5,0.15,Knockout Kings 2003(GC),GC
2003,7.5,0.15,NCAA Football 2004(GC),GC
2001,7.8,0.15,XGIII: Extreme G Racing(GC),GC
2007,8.5,0.15,The Godfather: Blackhand Edition(Wii),Wii
2012,5.4,0.15,Naruto: Powerful Shippuden(3DS),3DS
2011,5.7,0.15,The Adventures of Tintin: The Game(3DS),3DS
2012,8.2,0.15,Darksiders II(WiiU),WiiU
2004,6.7,0.15,Army Men: Sarge's War(GC),GC
2008,2.8,0.15,Block Party(Wii),Wii
2007,7.7,0.15,WordJong(DS),DS
2009,6.7,0.15,Puzzle Quest: Galactrix(DS),DS
2007,6.8,0.15,Samurai Warriors: Katana(Wii),Wii
2007,7.9,0.15,Bleach: Dark Souls(DS),DS
2003,8.8,0.15,Prince of Persia: The Sands of Time(GBA),GBA
2003,8.1,0.15,Zoids: Battle Legends(GC),GC
2010,6.3,0.15,Prince of Persia: The Forgotten Sands(DS),DS
2005,7,0.15,Bomberman(DS),DS
2005,8.5,0.15,Killer7(GC),GC
2006,7.2,0.15,Super Monkey Ball Adventure(GC),GC
2002,7.1,0.15,Top Gun: Combat Zones(GC),GC
2002,8,0.15,All-Star Baseball 2003(GC),GC
2008,7.6,0.15,Space Invaders Extreme(DS),DS
2011,8,0.15,Thor: God of Thunder(Wii),Wii
2006,6.3,0.15,X-Men: The Official Game(GC),GC
2005,8.5,0.15,Geist(GC),GC
2002,7.8,0.15,Street Fighter Alpha 3(GBA),GBA
2004,6.7,0.15,Ridge Racer DS(DS),DS
2005,2.5,0.15,Brain Boost: Beta Wave(DS),DS
2005,9.1,0.15,The Incredible Hulk: Ultimate Destruction(GC),GC
2005,8.1,0.15,Prince of Persia: The Two Thrones(GC),GC
2005,7.2,0.15,Batman Begins(GC),GC
2003,7.2,0.15,Medal of Honor: Infiltrator(GBA),GBA
2016,8,0.15,Lego Star Wars: The Force Awakens(WiiU),WiiU
2008,6,0.15,The Wizard of Oz: Beyond The Yellow Brick Road(DS),DS
2003,5.4,0.15,Tom Clancy's Ghost Recon(GC),GC
2011,5.4,0.15,Pac-Man Party 3D(3DS),3DS
2012,6,0.15,WWE '13(Wii),Wii
2012,6.3,0.15,Rayman Origins(3DS),3DS
2003,9.6,0.15,Boktai: The Sun is in Your Hand(GBA),GBA
2002,7.5,0.15,MLB SlugFest 20-03(GC),GC
2004,7.4,0.14,Tiger Woods PGA Tour(DS),DS
2007,6.1,0.14,Rayman Raving Rabbids(DS),DS
2012,5,0.14,Skylanders Giants(3DS),3DS
2007,8,0.14,Spider-Man: Friend or Foe(Wii),Wii
2003,7.8,0.14,Rayman 3(GBA),GBA
2007,5.6,0.14,Ratatouille(GC),GC
2007,7.9,0.14,Geometry Wars: Galaxies(DS),DS
2011,7.7,0.14,Cave Story 3D(3DS),3DS
2004,8.5,0.14,FIFA Soccer 2005(GC),GC
2007,5.4,0.14,Victorious Boxers: Revolution(Wii),Wii
2001,8.5,0.14,Doom(GBA),GBA
2007,3.1,0.14,Chicken Shoot(DS),DS
2002,8.7,0.14,Dead to Rights(GC),GC
2007,8.4,0.14,Scarface: The World is Yours(Wii),Wii
2011,7.4,0.14,Top Spin 4(Wii),Wii
2003,8.8,0.14,Sphinx and the Cursed Mummy(GC),GC
2007,5.4,0.14,Cranium Kabookii(Wii),Wii
2006,8,0.14,Metal Slug Anthology(Wii),Wii
2015,8.2,0.14,Shovel Knight(3DS),3DS
2004,8.9,0.14,Mr. Driller: Drill Spirits(DS),DS
2002,7.7,0.14,Baldur's Gate: Dark Alliance(GC),GC
2008,7.6,0.14,Dream Pinball 3D(Wii),Wii
2007,5.3,0.14,Hot Wheels: Beat That!(Wii),Wii
2006,6.9,0.14,Asphalt: Urban GT 2(DS),DS
2011,7.5,0.14,Virtua Tennis 4(Wii),Wii
2005,5.5,0.14,Tim Burton's The Nightmare Before Christmas: The Pumpkin King(GBA),GBA
2002,7.2,0.14,Rayman Arena(GC),GC
2002,8.5,0.14,Shining Soul(GBA),GBA
2004,3,0.14,Fear Factor: Unleashed(GBA),GBA
2005,6.7,0.14,Robots(DS),DS
2006,6.7,0.14,Happy Feet(Wii),Wii
2003,6.2,0.14,Hot Wheels: World Race(GBA),GBA
2002,8.8,0.14,Tomb Raider: The Prophecy(GBA),GBA
2009,6.7,0.14,Valhalla Knights: Eldar Saga(Wii),Wii
2011,7.8,0.14,BIT.TRIP SAGA(3DS),3DS
2008,7.4,0.14,Metal Slug 7(DS),DS
2009,7.5,0.14,G.I. Joe: The Rise of Cobra(DS),DS
2006,8.1,0.14,Magnetica(DS),DS
2012,6.3,0.13,Your Shape: Fitness Evolved 2013(WiiU),WiiU
2003,8.1,0.13,James Bond 007: Nightfire(GBA),GBA
2002,7.8,0.13,Baseball Advance(GBA),GBA
2008,7.1,0.13,Nitrobike(Wii),Wii
2005,3.7,0.13,Retro Atari Classics(DS),DS
2005,7,0.13,Need for Speed Underground 2(DS),DS
2009,6.3,0.13,Puzzle Kingdoms(DS),DS
2005,3.2,0.13,Peter Jackson's King Kong: The Official Game of the Movie(DS),DS
2006,8.7,0.13,Kororinpa: Marble Mania(Wii),Wii
2002,6.3,0.13,NHL 2003(GC),GC
2009,7.1,0.13,Phantom Brave: We Meet Again(Wii),Wii
2004,8.2,0.13,WWE Survivor Series(GBA),GBA
2008,8.3,0.13,Ninjatown(DS),DS
2002,7.2,0.13,Frogger Beyond(GC),GC
2008,8.7,0.13,MLB Power Pros 2008(Wii),Wii
2007,7.5,0.13,Anno 1701: Dawn of Discovery(DS),DS
2005,7.5,0.13,Disney's Kim Possible: Kimmunicator(DS),DS
2006,3.1,0.13,Shrek Smash n' Crash Racing(GC),GC
2006,6.2,0.13,FIFA World Cup Germany 2006(GC),GC
2009,6.2,0.13,Space Camp(Wii),Wii
2003,5.5,0.13,Hitman 2: Silent Assassin(GC),GC
2014,6.4,0.13,Watch Dogs(WiiU),WiiU
2007,7.2,0.13,Summon Night: Twin Age(DS),DS
2006,6.9,0.13,Spider-Man: Battle for New York(DS),DS
2008,2.5,0.13,Army Men: Soldiers of Misfortune(Wii),Wii
2012,3.5,0.13,Game Party: Champions(WiiU),WiiU
2011,3.9,0.13,Green Lantern: Rise of the Manhunters(3DS),3DS
2007,6.3,0.13,Puzzle de Harvest Moon(DS),DS
2006,7.4,0.13,Tom Clancy's Splinter Cell: Double Agent(Wii),Wii
2003,9.4,0.13,Backyard Baseball(GC),GC
2002,6.8,0.13,Legends of Wrestling(GC),GC
2008,8.3,0.13,Dokapon Kingdom(Wii),Wii
2012,7,0.13,NBA 2K13(WiiU),WiiU
2007,8.3,0.13,7 Wonders of the Ancient World(DS),DS
2002,8.2,0.13,X-Men: Next Dimension(GC),GC
2007,6.7,0.13,Indianapolis 500 Legends(Wii),Wii
2003,7.8,0.13,Freedom Fighters(GC),GC
2006,9.2,0.13,Mega Man X Collection(GC),GC
2008,6.6,0.13,Brothers in Arms: Double Time(Wii),Wii
2009,4.8,0.13,Teenage Mutant Ninja Turtles: Arcade Attack(DS),DS
2012,7.4,0.12,Crush3D(3DS),3DS
2004,7.3,0.12,Mega Man X: Command Mission(GC),GC
2007,7.4,0.12,Need for Speed: ProStreet(DS),DS
2007,4.8,0.12,Impossible Mission(DS),DS
2008,8.1,0.12,Obscure: The Aftermath(Wii),Wii
2013,7.7,0.12,Conception II: Children of the Seven Stars(3DS),3DS
2016,7.8,0.12,Lego Star Wars: The Force Awakens(3DS),3DS
2007,4.9,0.12,Star Trek: Conquest(Wii),Wii
2008,7,0.12,Major League Baseball 2K8 Fantasy All-Stars(DS),DS
2005,6.3,0.12,Madden NFL 06(DS),DS
2010,6.8,0.12,Tom Clancy's Ghost Recon(Wii),Wii
2011,7.2,0.12,Thor: God of Thunder(DS),DS
2008,6,0.12,Ninja Reflex(Wii),Wii
2005,6.2,0.12,Lunar: Dragon Song(DS),DS
2007,8.2,0.12,Geometry Wars: Galaxies(Wii),Wii
2011,7.6,0.12,Conduit 2(Wii),Wii
2003,6.6,0.12,X2: Wolverine's Revenge(GC),GC
2007,4.9,0.12,Godzilla Unleashed: Double Smash(DS),DS
2009,6.7,0.12,Atelier Annie: Alchemists of Sera Island(DS),DS
2007,6.6,0.12,WWE SmackDown vs Raw 2008(DS),DS
2015,6.5,0.12,Rodea the Sky Soldier(WiiU),WiiU
2009,6.8,0.12,Academy of Champions: Soccer(Wii),Wii
2008,3.4,0.12,Kidz Sports: Crazy Golf(Wii),Wii
2003,7.6,0.12,Disney's Extreme Skate Adventure(GC),GC
2002,8,0.12,NBA 2K2(GC),GC
2002,5.6,0.12,Jeremy McGrath Supercross World(GC),GC
2008,7.9,0.12,The Sky Crawlers: Innocent Aces(Wii),Wii
2006,8.2,0.12,Lost Magic(DS),DS
2012,5,0.12,Marvel Avengers: Battle for Earth(WiiU),WiiU
2013,7.8,0.12,Tom Clancy's Splinter Cell: Blacklist(WiiU),WiiU
2009,8.2,0.12,Peggle: Dual Shot(DS),DS
2008,7.7,0.12,NPPL: Championship Paintball 2009(Wii),Wii
2011,6.4,0.12,Spider-Man: Edge of Time(3DS),3DS
2007,3.7,0.12,Cruis'n(Wii),Wii
2005,7.7,0.12,Battles of Prince of Persia(DS),DS
2002,7,0.12,Turok: Evolution(GBA),GBA
2007,4.9,0.12,Marvel Trading Card Game(DS),DS
2013,7.3,0.12,LEGO Batman 2: DC Super Heroes(WiiU),WiiU
2008,8,0.12,Onechanbara: Bikini Zombie Slayers(Wii),Wii
2008,7.5,0.12,Dragon Ball: Origins(DS),DS
2010,8.7,0.12,Lost in Shadow(Wii),Wii
2002,7,0.12,Die Hard: Vendetta(GC),GC
2001,6,0.11,GT Advance 2: Rally Racing(GBA),GBA
2008,7.3,0.11,Tecmo Bowl: Kickoff(DS),DS
2010,5.8,0.11,Puzzle Quest 2(DS),DS
2002,8.1,0.11,Phantasy Star Collection(GBA),GBA
2016,6.8,0.11,Disney Art Academy(3DS),3DS
2009,6.2,0.11,A Witch's Tale(DS),DS
2007,7.3,0.11,Retro Game Challenge(DS),DS
2006,5.7,0.11,FIFA Street 2(GC),GC
2013,4.6,0.11,The Walking Dead: Survival Instinct(WiiU),WiiU
2003,8.3,0.11,Mega Man Battle Chip Challenge(GBA),GBA
2014,7.6,0.11,Fatal Frame: Maiden of Black Water(WiiU),WiiU
2004,3.9,0.11,Ping Pals(DS),DS
2002,6.8,0.11,18 Wheeler: American Pro Trucker(GC),GC
2008,7.6,0.11,Zubo(DS),DS
2007,9.5,0.11,Cory in the House(DS),DS
2002,8.5,0.11,BloodRayne(GC),GC
2002,2.8,0.11,Sabrina The Teenage Witch: Potion Commotion(GBA),GBA
2004,6.8,0.11,Yu Yu Hakusho: Tournament Tactics(GBA),GBA
2010,8.3,0.11,Dementium II(DS),DS
2005,7.5,0.11,GoldenEye: Rogue Agent(DS),DS
2008,3.8,0.11,Pimp My Ride(Wii),Wii
2002,8.9,0.11,Capcom vs. SNK 2 EO(GC),GC
2002,6.4,0.11,Hot Wheels Velocity X(GC),GC
2011,8.2,0.11,de Blob 2(DS),DS
2007,5.3,0.11,The History Channel: Battle for the Pacific(Wii),Wii
2009,5.3,0.11,Cloudy With a Chance of Meatballs(Wii),Wii
2007,5.6,0.11,The Settlers(DS),DS
2005,8.9,0.11,Mortal Kombat: Deception(GC),GC
2002,5,0.11,XXX(GBA),GBA
2011,7.4,0.11,Gabrielle's Ghostly Groove 3D(3DS),3DS
2007,6.1,0.11,Cake Mania(DS),DS
2005,6,0.11,Pac-Man World 2(GBA),GBA
2006,8,0.11,Odama(GC),GC
2006,5.2,0.11,Bionicle Heroes(GC),GC
2009,6.7,0.11,Calling(Wii),Wii
2009,6.3,0.11,Spyborgs(Wii),Wii
2008,8.1,0.11,Death Jr.: Root of Evil(Wii),Wii
2005,7.8,0.11,Lost in Blue(DS),DS
2008,7.3,0.11,Mushroom Men: Rise of the Fungi(DS),DS
2004,4.7,0.11,The Polar Express(GC),GC
2009,3.5,0.11,Astro Boy: The Video Game(Wii),Wii
2005,7,0.11,Bust-A-Move DS(DS),DS
2011,6.1,0.11,BlazBlue: Continuum Shift II(3DS),3DS
2005,9.1,0.11,Mega Man Zero 4(GBA),GBA
2009,7.3,0.11,Dawn of Discovery(DS),DS
2005,4.8,0.11,Tiger Woods PGA Tour 06(GC),GC
2002,5.9,0.11,Reign of Fire(GC),GC
2008,8.5,0.11,Trauma Center: Under the Knife 2(DS),DS
2003,7.8,0.11,SimCity 2000(GBA),GBA
2008,6.8,0.1,Rock Revolution(DS),DS
2006,7.8,0.1,X-Men: The Official Game(DS),DS
2010,7.3,0.1,"Sakura Wars: So Long, My Love(Wii)",Wii
2005,5.9,0.1,Banjo-Pilot(GBA),GBA
2008,7.4,0.1,Princess Debut(DS),DS
2003,9.3,0.1,Metal Arms: Glitch in the System(GC),GC
2005,8.5,0.1,Tom Clancy's Splinter Cell: Chaos Theory(GC),GC
2009,7.8,0.1,The Lord of the Rings: Conquest(DS),DS
2003,9.3,0.1,Road Rash: Jailbreak(GBA),GBA
2008,6.7,0.1,Exit DS(DS),DS
2004,9.2,0.1,Riviera: The Promised Land(GBA),GBA
2009,5.6,0.1,JU-ON: The Grudge(Wii),Wii
2009,8.8,0.1,Miami Law(DS),DS
2002,7.6,0.1,Hunter: The Reckoning(GC),GC
2006,8.9,0.1,Baten Kaitos Origins(GC),GC
2003,8.4,0.1,NHL 2004(GC),GC
2013,6.3,0.1,Scribblenauts Unmasked: A DC Comics Adventure(WiiU),WiiU
2009,6.5,0.1,Agatha Christie: The ABC Murders(DS),DS
2008,7,0.1,Help Wanted: 50 Wacky Jobs(Wii),Wii
2002,8.1,0.1,Beach Spikers: Virtua Beach Volleyball(GC),GC
2007,7.5,0.1,Draglade(DS),DS
2013,6.2,0.1,Scribblenauts Unmasked: A DC Comics Adventure(3DS),3DS
2004,6.3,0.1,Van Helsing(GBA),GBA
2006,3.5,0.1,Sudoku Mania(DS),DS
2007,3.5,0.1,Myst(DS),DS
2003,8.6,0.1,Tom Clancy's Splinter Cell(GBA),GBA
2008,7.5,0.1,Spider-Man: Web of Shadows(DS),DS
2011,7.3,0.1,Pinball Hall of Fame: The Williams Collection(3DS),3DS
2009,1.8,0.1,Rolling Stone: Drum King(Wii),Wii
2011,4.5,0.1,X-Men: Destiny(Wii),Wii
2006,8.2,0.1,Contact(DS),DS
2007,7.7,0.1,Opoona(Wii),Wii
2008,1.4,0.1,Big League Sports(Wii),Wii
2001,2.9,0.1,Universal Studios Theme Parks Adventure(GC),GC
2011,4.2,0.1,Thor: God of Thunder(3DS),3DS
2011,5.9,0.1,Cubic Ninja(3DS),3DS
2009,6.8,0.1,Harvest Moon: Frantic Farming(DS),DS
2013,6.8,0.1,Angry Birds Star Wars(WiiU),WiiU
2009,6.6,0.1,Blue Dragon: Awakened Shadow(DS),DS
2006,7.6,0.1,Digimon World DS(DS),DS
2009,8.2,0.1,Tornado Outbreak(Wii),Wii
2015,8.3,0.1,Shovel Knight(WiiU),WiiU
2010,9,0.1,iCarly 2: iJoin The Click!(Wii),Wii
2007,6.2,0.1,Heatseeker(Wii),Wii
2006,8.4,0.1,Castlevania Double Pack(GBA),GBA
2011,5.9,0.1,Cartoon Network: Punch Time Explosion(3DS),3DS
2008,7.7,0.1,"Blast Works: Build, Trade, Destroy(Wii)",Wii
2006,4.8,0.1,SNK vs. Capcom Card Fighters DS(DS),DS
2005,7.3,0.09,Pac-Man World 3(GC),GC
2007,7.3,0.09,Glory Days 2(DS),DS
2012,7.9,0.09,Brain Age: Concentration Training(3DS),3DS
2008,8,0.09,Little League World Series Baseball 2008(Wii),Wii
2002,4.8,0.09,Altered Beast: Guardian of the Realms(GBA),GBA
2008,1,0.09,Family Party: 30 Great Games(Wii),Wii
2007,7,0.09,Medal of Honor: Vanguard(Wii),Wii
2007,8.5,0.09,Code Lyoko: Quest for Infinity(Wii),Wii
2004,8.5,0.09,Alien Hominid(GC),GC
2008,7,0.09,Rygar: The Battle of Argus(Wii),Wii
2006,6.8,0.09,Touch Detective(DS),DS
2007,7.6,0.09,InuYasha: Secret of the Divine Jewel(DS),DS
2003,7.6,0.09,I-Ninja(GC),GC
2007,8.6,0.09,Ultimate Mortal Kombat(DS),DS
2009,8.1,0.09,Fighting Fantasy: The Warlock of Firetop Mountain(DS),DS
2002,7.3,0.09,NASCAR: Dirt to Daytona(GC),GC
2011,5,0.09,Driver: Renegade(3DS),3DS
2008,5.8,0.09,Tom Clancy's EndWar(DS),DS
2003,8.6,0.09,Astro Boy: Omega Factor(GBA),GBA
2005,7.3,0.09,Fullmetal Alchemist: Dual Sympathy(DS),DS
2008,8.7,0.09,Lock's Quest(DS),DS
2015,6.4,0.09,Pokemon Rumble World(3DS),3DS
2008,7,0.09,Spectral Force Genesis(DS),DS
2006,5.7,0.09,Justice League Heroes(DS),DS
2002,8.5,0.09,Mystic Heroes(GC),GC
2011,5.3,0.09,Mahjong Cub3D(3DS),3DS
2008,5.3,0.09,Red Bull BC One(DS),DS
2003,8.5,0.09,Ikaruga(GC),GC
2008,6.4,0.09,The Mummy: Tomb of the Dragon Emperor(Wii),Wii
2016,7.1,0.09,Terraria(3DS),3DS
2005,8.1,0.09,Digimon World 4(GC),GC
2005,8,0.09,Ty the Tasmanian Tiger 3: Night of the Quinkan(GC),GC
2006,1.4,0.09,The Ant Bully(Wii),Wii
2002,5.1,0.09,Jimmy Neutron: Boy Genius(GC),GC
2009,8,0.09,Henry Hatsworth in the Puzzling Adventure(DS),DS
2011,5.2,0.09,Spider-Man: Edge of Time(Wii),Wii
2008,2.5,0.09,Jumper: Griffin's Story(Wii),Wii
2010,5.5,0.09,Rock Band 3(DS),DS
2006,7,0.09,LEGO Star Wars II: The Original Trilogy(GBA),GBA
2003,7.6,0.09,Top Gear Rally(GBA),GBA
2011,8.7,0.09,BIT.TRIP COMPLETE(Wii),Wii
2003,7.7,0.09,XIII(GC),GC
2010,8.2,0.09,Data East Arcade Classics(Wii),Wii
2013,5.6,0.09,The Smurfs 2(WiiU),WiiU
2006,9,0.09,Monster House(GBA),GBA
2008,3.2,0.08,1 vs. 100(DS),DS
2011,6.3,0.08,Jaws: Ultimate Predator(Wii),Wii
2008,8.6,0.08,Knights in the Nightmare(DS),DS
2005,6.5,0.08,Marvel Nemesis: Rise of the Imperfects(DS),DS
2003,8.9,0.08,Zoids: Legacy(GBA),GBA
2011,7.7,0.08,Nano Assault(3DS),3DS
2011,5,0.08,Captain America: Super Soldier(3DS),3DS
2003,8.7,0.08,Onimusha Tactics(GBA),GBA
2002,7.9,0.08,Bomberman Jetters(GC),GC
2009,5,0.08,Mad Dog McCree: Gunslinger Pack(Wii),Wii
2014,4.9,0.08,How to Train Your Dragon 2(WiiU),WiiU
2003,8.3,0.08,Ultimate Brain Games(GBA),GBA
2008,7.8,0.08,Harvey Birdman: Attorney at Law(Wii),Wii
2004,8.8,0.08,Shining Force: Resurrection of the Dark Dragon(GBA),GBA
2003,8.3,0.08,Shining Soul II(GBA),GBA
2005,6.8,0.08,Hello Kitty: Roller Rescue(GC),GC
2004,8.3,0.08,Metal Slug Advance(GBA),GBA
2006,7.8,0.08,Pac-Man World Rally(GC),GC
2008,7.1,0.08,Miami Nights: Singles in the City(DS),DS
2007,7.5,0.08,Death Jr. and the Science Fair of Doom(DS),DS
2008,7.3,0.08,Agatha Christie: Evil Under the Sun(Wii),Wii
2009,7.8,0.08,Don King Boxing(DS),DS
2004,7.8,0.08,FIFA Soccer 2005(GBA),GBA
2005,9.3,0.08,NHL 06(GC),GC
2014,5.6,0.08,Adventure Time: The Secret of the Nameless Kingdom(3DS),3DS
2007,1.7,0.08,Ninjabread Man(Wii),Wii
2004,8,0.08,Tom Clancy's Splinter Cell: Pandora Tomorrow(GC),GC
2002,9.3,0.08,Swingerz Golf(GC),GC
2002,7.8,0.08,FIFA Soccer 2003(GC),GC
2002,6.9,0.08,Smuggler's Run: Warzones(GC),GC
2008,7.8,0.08,SafeCracker: The Ultimate Puzzle Adventure(Wii),Wii
2012,7.4,0.08,Warriors Orochi 3 Hyper(WiiU),WiiU
2003,8.2,0.08,Big Mutha Truckers(GC),GC
2008,9,0.08,Super Robot Taisen OG Saga: Endless Frontier(DS),DS
2008,5.6,0.08,Line Rider 2: Unbound(DS),DS
2003,8.3,0.08,Harry Potter and the Sorcerer's Stone(GC),GC
2005,9.1,0.08,TimeSplitters: Future Perfect(GC),GC
2002,9.1,0.08,The King of Fighters EX2: Howling Blood(GBA),GBA
2006,7.8,0.08,Ice Age 2: The Meltdown(Wii),Wii
2003,7.3,0.08,Superman: Shadow of Apokolips(GC),GC
2003,3.2,0.08,Batman: Dark Tomorrow(GC),GC
2009,8.2,0.08,Jillian Michaels Fitness Ultimatum 2010(DS),DS
2006,7.8,0.08,Tomb Raider: Legend(GC),GC
2002,7,0.08,Taz Wanted(GC),GC
2002,8,0.08,Evolution Worlds(GC),GC
2006,5.3,0.08,Far Cry Vengeance(Wii),Wii
2008,6.3,0.08,Code Lyoko: Fall of X.A.N.A.(DS),DS
2008,4.3,0.08,Worms: A Space Oddity(Wii),Wii
2006,7,0.08,Worms: Open Warfare(DS),DS
2003,8.2,0.08,Phantasy Star Online Episode III: C.A.R.D. Revolution(GC),GC
2008,6.9,0.08,TrackMania DS(DS),DS
2003,7,0.08,WWE Crush Hour(GC),GC
2002,8.4,0.08,NHL Hitz 20-03(GC),GC
2009,7.5,0.08,C.O.P.: The Recruit(DS),DS
2008,8,0.08,Soul Bubbles(DS),DS
2003,8.3,0.08,Resident Evil 3: Nemesis(GC),GC
2003,9.2,0.08,All-Star Baseball 2004(GC),GC
2008,8.1,0.08,Bangai-O Spirits(DS),DS
2005,5.4,0.08,Whac-A-Mole(DS),DS
2014,6.1,0.08,Samurai Warriors Chronicles 3(3DS),3DS
2008,6,0.08,Lost in Blue: Shipwrecked(Wii),Wii
2007,7,0.08,Madden NFL 08(GC),GC
2004,8.6,0.08,Pitfall: The Lost Expedition(GC),GC
2007,4.2,0.08,Puchi Puchi Virus(DS),DS
2016,8.5,0.08,Zero Escape: Zero Time Dilemma(3DS),3DS
2003,8.4,0.08,Conflict: Desert Storm(GC),GC
2008,8.3,0.08,Elebits: The Adventures of Kai and Zero(DS),DS
2002,1.7,0.08,Medal of Honor: Underground(GBA),GBA
2007,5.7,0.08,Cosmic Family(Wii),Wii
2008,6.3,0.07,The Legend of Kage 2(DS),DS
2008,8.1,0.07,Baroque(Wii),Wii
2008,6.2,0.07,Agatha Christie: And Then There Were None(Wii),Wii
2006,4.9,0.07,Superman Returns(DS),DS
2002,8.8,0.07,Super Ghouls 'n Ghosts(GBA),GBA
2003,8.8,0.07,Gladius(GC),GC
2009,8.2,0.07,Rogue Trooper: Quartz Zone Massacre(Wii),Wii
2013,4.3,0.07,Disney's Planes(3DS),3DS
2009,5.5,0.07,Overlord: Minions(DS),DS
2005,2.8,0.07,TMNT: Mutant Melee(GC),GC
2005,1.4,0.07,Tom Clancy's Ghost Recon 2(GC),GC
2009,9,0.07,Monster Racers(DS),DS
2009,3.8,0.07,Speed Zone(Wii),Wii
2008,8.6,0.07,Robocalypse(DS),DS
2008,2.4,0.07,Homie Rollerz(DS),DS
2005,7,0.07,Tom Clancy's Splinter Cell: Chaos Theory(DS),DS
2007,6.7,0.07,CSI: Dark Motives(DS),DS
2003,6.2,0.07,FIFA Soccer 2004(GC),GC
2008,8,0.07,SNK Arcade Classics Vol. 1(Wii),Wii
2003,8.3,0.07,Rayman 3: Hoodlum Havoc(GC),GC
2006,5.6,0.07,Open Season(Wii),Wii
2008,6.5,0.07,Digimon World Championship(DS),DS
2004,6.1,0.07,Catwoman(GC),GC
2008,2.7,0.07,Target: Terror(Wii),Wii
2005,5.6,0.07,Real Time Conflict: Shogun Empires(DS),DS
2005,8.3,0.07,Spartan: Total Warrior(GC),GC
2004,8.4,0.07,River City Ransom EX(GBA),GBA
2006,8,0.07,Tomb Raider: Legend(DS),DS
2007,6.3,0.07,Operation: Vietnam(DS),DS
2004,5.6,0.07,NHL 2005(GC),GC
2007,2.7,0.07,Anubis II(Wii),Wii
2002,7.6,0.07,The Powerpuff Girls: Relish Rampage(GC),GC
2004,8.5,0.07,Army Men: RTS(GC),GC
2007,7.4,0.07,N+(DS),DS
2002,7.7,0.07,Sega Soccer Slam(GC),GC
2006,8.8,0.07,Deep Labyrinth(DS),DS
2003,7.2,0.07,Spawn: Armageddon(GC),GC
2002,3.7,0.07,Legends of Wrestling II(GBA),GBA
2003,6.8,0.07,Batman: Rise of Sin Tzu(GBA),GBA
2006,9.3,0.07,X-Men: The Official Game(GBA),GBA
2004,8.8,0.07,Cabela's Big Game Hunter 2005 Adventures(GC),GC
2003,7.6,0.07,Worms 3D(GC),GC
2014,7,0.07,Pac-Man and the Ghostly Adventures 2(WiiU),WiiU
2008,7.1,0.07,"Flower, Sun, and Rain(DS)",DS
2005,8.5,0.07,Gunstar Super Heroes(GBA),GBA
2008,6,0.07,Prince of Persia: The Fallen King(DS),DS
2009,2.4,0.06,IL-2 Sturmovik: Birds of Prey(DS),DS
2008,6,0.06,Cabela's Trophy Bucks(Wii),Wii
2002,5,0.06,BMX XXX(GC),GC
2014,7.8,0.06,One Piece: Unlimited World Red(WiiU),WiiU
2008,7,0.06,Insecticide(DS),DS
2015,7.5,0.06,Mario vs. Donkey Kong: Tipping Stars(3DS),3DS
2010,6.9,0.06,Tournament of Legends(Wii),Wii
2006,5,0.06,Escape from Bug Island(Wii),Wii
2011,8,0.06,Monster Tale(DS),DS
2007,4.8,0.06,Legend of the Dragon(Wii),Wii
2002,6.8,0.06,Cel Damage(GC),GC
2004,6.2,0.06,Tom Clancy's Splinter Cell: Pandora Tomorrow(GBA),GBA
2008,5.4,0.06,NHL 2K9(Wii),Wii
2007,7.9,0.06,"Warhammer 40,000: Squad Command(DS)",DS
2011,0.9,0.06,Johnny Test(DS),DS
2006,6.4,0.06,Bionicle Heroes(DS),DS
2001,8,0.06,Jurassic Park III: Park Builder(GBA),GBA
2007,4.7,0.06,Showtime Championship Boxing(Wii),Wii
2008,8,0.06,From The Abyss(DS),DS
2013,7.9,0.06,DuckTales: Remastered(WiiU),WiiU
2007,7.6,0.06,Theme Park(DS),DS
2007,7.1,0.06,Alien Syndrome(Wii),Wii
2003,7.3,0.06,Vexx(GC),GC
2008,7.6,0.06,Secret Files: Tunguska(Wii),Wii
2002,4.7,0.06,Disney Sports Skateboarding(GC),GC
2007,7,0.06,Arkanoid DS(DS),DS
2009,8.2,0.06,Big Bang Mini(DS),DS
2007,7.2,0.06,Foster's Home for Imaginary Friends: Imagination Invaders(DS),DS
2002,5.9,0.06,Guilty Gear X: Advance Edition(GBA),GBA
2015,6.5,0.06,Devil's Third(WiiU),WiiU
2006,7,0.06,Star Trek: Tactical Assault(DS),DS
2003,2.5,0.06,Oddworld: Munch's Oddysee(GBA),GBA
2002,7.8,0.06,Broken Sword: The Shadow of the Templars(GBA),GBA
2003,8.5,0.06,Resident Evil - Code: Veronica X(GC),GC
2014,7.8,0.06,Lord of Magna: Maiden Heaven(3DS),3DS
2008,8,0.06,Theresia...(DS),DS
2005,7,0.06,Teenage Mutant Ninja Turtles 3: Mutant Nightmare(DS),DS
2004,8.9,0.06,Racing Gears Advance(GBA),GBA
2010,7.2,0.06,Ivy the Kiwi?(Wii),Wii
2003,8.5,0.06,Resident Evil 2(GC),GC
2001,9,0.06,Zone of the Enders: The Fist of Mars(GBA),GBA
2007,7.6,0.06,Tiger Woods PGA Tour 08(DS),DS
2006,7.1,0.06,Tom Clancy's Splinter Cell: Double Agent(GC),GC
2008,8.2,0.06,Samurai Shodown Anthology(Wii),Wii
2005,7.7,0.06,Nanostray(DS),DS
2006,6.8,0.06,Winx Club: Quest for the Codex(DS),DS
2003,9.1,0.06,Lost Kingdoms II(GC),GC
2002,7.8,0.06,Aggressive Inline(GC),GC
2005,6.9,0.06,Viewtiful Joe: Red Hot Rumble(GC),GC
2011,5.6,0.06,X-Men: Destiny(DS),DS
2006,8.6,0.06,Scurge: Hive(DS),DS
2004,8.2,0.06,Tom Clancy's Rainbow Six 3(GC),GC
2004,6.6,0.06,Amazing Island(GC),GC
2007,7.9,0.06,Izuna 2: The Unemployed Ninja Returns(DS),DS
2007,3.6,0.05,Alvin and the Chipmunks(Wii),Wii
2005,9.1,0.05,Rebelstar: Tactical Command(GBA),GBA
2009,5.5,0.05,Coraline(Wii),Wii
2003,8.3,0.05,Wing Commander: Prophecy(GBA),GBA
2002,8.3,0.05,Lufia: The Ruins of Lore(GBA),GBA
2003,8,0.05,Medabots: Infinity(GC),GC
2009,7.5,0.05,Black Sigil: Blade of the Exiled(DS),DS
2008,6.8,0.05,Rhapsody: A Musical Adventure(DS),DS
2013,6.5,0.05,PAC-MAN and the Ghostly Adventures(WiiU),WiiU
2002,6,0.05,Virtua Striker 2002(GC),GC
2009,6,0.05,Aliens in the Attic(DS),DS
2003,8,0.05,Piglet's Big Game(GC),GC
2007,1.1,0.05,Myth Makers: Orbs of Doom(Wii),Wii
2005,8.2,0.05,Sigma Star Saga(GBA),GBA
2003,7.9,0.05,FIFA Soccer 2004(GBA),GBA
2002,7.8,0.05,Disney's Party(GC),GC
2008,7.8,0.05,Nanostray 2(DS),DS
2008,7,0.05,Dokapon Journey(DS),DS
2011,4.1,0.05,Back to the Future: The Game(Wii),Wii
2007,2.8,0.05,Jenga World Tour(Wii),Wii
2006,5.1,0.05,Tenchu: Dark Secret(DS),DS
2003,7.3,0.05,Shrek Super Party(GC),GC
2004,8.5,0.05,Second Sight(GC),GC
2013,6.2,0.05,SpongeBob SquarePants: Plankton's Robotic Revenge(WiiU),WiiU
2002,6.3,0.05,Rave Master(GC),GC
2010,6.3,0.05,Ivy the Kiwi?(DS),DS
2003,9,0.05,Dr. Seuss: Green Eggs and Ham(GBA),GBA
2006,5.8,0.05,Guilty Gear Dust Strikers(DS),DS
2002,4.5,0.05,Dark Summit(GC),GC
2003,9.1,0.05,The Lost Vikings(GBA),GBA
2008,7.6,0.05,Secret Files: Tunguska(DS),DS
2016,5.1,0.05,Metroid Prime: Federation Force(3DS),3DS
2007,4.8,0.05,Furu Furu Park(Wii),Wii
2002,9,0.05,Whirl Tour(GC),GC
2003,9.4,0.05,Rock 'N Roll Racing(GBA),GBA
2002,7.7,0.05,2002 FIFA World Cup(GC),GC
2009,7.4,0.05,Moon(DS),DS
2007,0.3,0.05,Billy the Wizard: Rocket Broomstick Racing(Wii),Wii
2005,7.8,0.05,Tom Clancy's Rainbow Six: Lockdown(GC),GC
2007,6.8,0.05,Code Lyoko(DS),DS
2007,0.7,0.05,Pool Party(Wii),Wii
2008,4.5,0.05,Wonder World Amusement Park(Wii),Wii
2006,4.9,0.05,Wing Island(Wii),Wii
2006,1.7,0.05,March of the Penguins(DS),DS
2003,8.4,0.05,Double Dragon Advance(GBA),GBA
2005,6.2,0.05,Bubble Bobble Revolution(DS),DS
2009,5.3,0.05,Pool Hall Pro(Wii),Wii
2008,8.6,0.05,Cesar Millan's Dog Whisperer(DS),DS
2008,6.3,0.05,Assassin's Creed: Altair's Chronicles(DS),DS
2004,2,0.05,Bad Boys: Miami Takedown(GC),GC
2007,5.9,0.05,Fantastic Four: Rise of the Silver Surfer(Wii),Wii
2007,6.6,0.04,Pony Friends(DS),DS
2008,6.2,0.04,Lux-Pain(DS),DS
2009,7.5,0.04,Grey's Anatomy: The Video Game(DS),DS
2002,3,0.04,Disney's Donald Duck: Goin' Quackers(GC),GC
2007,4.8,0.04,Fantastic Four: Rise of the Silver Surfer(DS),DS
2007,8.9,0.04,Front Mission(DS),DS
2004,8.5,0.04,Boktai 2: Solar Boy Django(GBA),GBA
2008,7.7,0.04,The Dark Spire(DS),DS
2008,7.8,0.04,Backyard Baseball '09(Wii),Wii
2015,8.5,0.04,Shantae and the Pirate's Curse(3DS),3DS
2007,7.6,0.04,Castle of Shikigami III(Wii),Wii
2006,7.5,0.04,FIFA Street 2(DS),DS
2013,8.3,0.04,LEGO Friends(3DS),3DS
2008,4.5,0.04,SPRay(Wii),Wii
2007,6.2,0.04,Thrillville: Off the Rails(DS),DS
2008,0.2,0.04,Myth Makers: Trixie in Toyland(Wii),Wii
2004,8.1,0.04,Digimon Rumble Arena 2(GC),GC
2015,5.8,0.04,Gravity Falls: Legend of the Gnome Gemulets(3DS),3DS
2015,5.6,0.04,Rodea the Sky Soldier(3DS),3DS
2012,6.3,0.04,Horses 3D(3DS),3DS
2010,8.6,0.04,The Kore Gang(Wii),Wii
2007,8.4,0.04,Guilty Gear XX Accent Core(Wii),Wii
2006,5.7,0.04,Barnyard(Wii),Wii
2011,7.8,0.04,Unchained Blades (3DS),3DS
2003,5.7,0.04,Superman: Countdown to Apokolips(GBA),GBA
2008,8.3,0.04,Twin Strike: Operation Thunder(Wii),Wii
2007,8,0.04,Brothers In Arms DS(DS),DS
2007,2.2,0.04,TMNT(DS),DS
2006,7.2,0.04,FIFA World Cup Germany 2006(DS),DS
2004,8.5,0.04,Dragon Ball: Advanced Adventure(GBA),GBA
2007,6.6,0.04,Meteos: Disney Magic(DS),DS
2013,6.3,0.04,Beyblade Evolution(3DS),3DS
2006,7.4,0.04,Greg Hastings' Tournament Paintball Max'd(DS),DS
2008,7.3,0.04,Little Red Riding Hood's Zombie BBQ(DS),DS
2007,4.8,0.04,Bubble Bobble Double Shot(DS),DS
2007,5.8,0.04,Bionicle Heroes(Wii),Wii
2009,6.9,0.04,C.O.R.E.(DS),DS
2004,7.3,0.04,Scaler(GC),GC
2008,8.2,0.04,Teenage Zombies: Invasion of the Alien Brain Thingys(DS),DS
2002,8,0.03,Silent Scope(GBA),GBA
2003,7.3,0.03,Red Faction II(GC),GC
2005,8.8,0.03,Cabela's Outdoor Adventures(GC),GC
2014,5.2,0.03,Penguins of Madagascar(WiiU),WiiU
2003,3.4,0.03,The Sum of All Fears(GC),GC
2013,7.7,0.03,Yumi's Odd Odyssey(3DS),3DS
2005,7,0.03,Electroplankton(DS),DS
2006,6.9,0.03,FIFA World Cup: Germany 2006(GBA),GBA
2002,5.7,0.03,Earthworm Jim 2(GBA),GBA
2005,5.4,0.03,Driv3r(GBA),GBA
2008,5.4,0.03,Toy Shop(DS),DS
2002,7.8,0.03,F1 2002(GC),GC
2012,8.8,0.03,Zero Escape: Virtue's Last Reward(3DS),3DS
2009,7.3,0.03,Guilty Gear XX Accent Core Plus(Wii),Wii
2012,5.2,0.03,Rabbids Land(WiiU),WiiU
2013,7.1,0.03,Young Justice: Legacy(3DS),3DS
2006,5.8,0.03,Nacho Libre(DS),DS
2002,9.3,0.03,Klonoa 2: Dream Champ Tournament(GBA),GBA
2016,6.9,0.03,Terraria(WiiU),WiiU
2005,7.5,0.03,Atomic Betty(GBA),GBA
2004,8,0.03,Street Jam Basketball(GBA),GBA
2005,4.2,0.03,Popeye: Rush for Spinach(GBA),GBA
2003,6.6,0.03,Drome Racers(GC),GC
2002,7,0.03,Gekido Advance: Kintaro's Revenge(GBA),GBA
2003,8.6,0.03,Buffy the Vampire Slayer: Wrath of the Darkhul King(GBA),GBA
2016,4.6,0.03,Mighty No. 9(WiiU),WiiU
2006,4.5,0.03,Turn It Around(DS),DS
2006,4.5,0.03,MechAssault: Phantom War(DS),DS
2003,7.8,0.03,Max Payne(GBA),GBA
2003,8.2,0.03,Gotcha Force(GC),GC
2007,6,0.03,Driver: Parallel Lines(Wii),Wii
2015,8.8,0.03,The Peanuts Movie: Snoopy's Grand Adventure(3DS),3DS
2003,9,0.03,Buffy the Vampire Slayer: Chaos Bleeds(GC),GC
2003,9.3,0.03,Jet Grind Radio(GBA),GBA
2004,6.5,0.03,Baldur's Gate: Dark Alliance(GBA),GBA
2006,9.3,0.03,Madden NFL 07(GBA),GBA
2007,2.5,0.03,AniMates!(DS),DS
2006,7.4,0.03,Justice League Heroes: The Flash(GBA),GBA
2016,7.4,0.03,Harvest Moon: Skytree Village(3DS),3DS
2008,2,0.03,Kawasaki Snowmobiles(Wii),Wii
2007,7.3,0.03,Napoleon Dynamite: The Game(DS),DS
2002,6.1,0.02,ZooCube(GC),GC
2004,7.2,0.02,Serious Sam Advance(GBA),GBA
2013,3.9,0.02,Turbo: Super Stunt Squad(WiiU),WiiU
2006,5.4,0.02,Tank Beat(DS),DS
2008,4,0.02,George of the Jungle and the Search for the Secret(Wii),Wii
2009,2.2,0.02,Inkheart(DS),DS
2006,7.1,0.02,Mage Knight: Destiny's Soldier(DS),DS
2002,8.3,0.02,DemiKids: Light Version(GBA),GBA
2008,6.4,0.02,Line Rider 2: Unbound(Wii),Wii
2003,8.1,0.02,Summon Night: Swordcraft Story(GBA),GBA
2014,9,0.02,Phoenix Wright: Ace Attorney Trilogy(3DS),3DS
2008,0.6,0.02,Kawasaki Jet Ski(Wii),Wii
2002,7.4,0.02,RedCard 20-03(GC),GC
2013,5.5,0.02,Monster High 13 Wishes(WiiU),WiiU
2003,8,0.02,Muppets Party Cruise(GC),GC
2004,8.4,0.02,Serious Sam: Next Encounter(GC),GC
2006,7.7,0.02,Freedom Wings(DS),DS
2011,6.3,0.02,Heavy Fire: The Chosen Few 3D(3DS),3DS
2007,2.8,0.02,Balls of Fury(Wii),Wii
2003,7,0.02,XGRA: Extreme G Racing Association(GC),GC
2005,6.5,0.02,SBK: Snowboard Kids(DS),DS
2013,5.8,0.02,Sniper Elite V2(WiiU),WiiU
2013,5.8,0.02,Fist of the North Star: Ken's Rage 2(WiiU),WiiU
2014,2.4,0.02,Tenkai Knights: Brave Battle(3DS),3DS
2007,7.5,0.02,Nervous Brickdown(DS),DS
2003,3.3,0.02,Charlie's Angels(GC),GC
2008,4.3,0.02,Emergency Mayhem(Wii),Wii
2013,7.6,0.02,Ben 10 Omniverse 2(3DS),3DS
2002,7,0.02,NHL 2K3(GC),GC
2002,8,0.02,Space Channel 5: Ulala's Cosmic Attack(GBA),GBA
2007,1.8,0.02,Myth Makers: Super Kart GP(Wii),Wii
2003,7.8,0.02,Goblin Commander: Unleash the Horde(GC),GC
2005,7,0.02,Dragon Booster(DS),DS
2013,5.2,0.02,Turbo: Super Stunt Squad(3DS),3DS
2007,7.4,0.02,Drone Tactics(DS),DS
2003,7.6,0.01,Blackthorne(GBA),GBA
2005,5.2,0.01,Space Invaders Revolution(DS),DS
2016,8.4,0.01,Azure Striker Gunvolt(3DS),3DS
2003,8.1,0.01,Mortal Kombat: Tournament Edition(GBA),GBA
2002,7.6,0.01,Road Trip: Shifting Gears(GBA),GBA
2005,7.8,0.01,LifeSigns: Surgical Unit(DS),DS
2002,9.4,0.01,Monster Rancher Advance 2(GBA),GBA
2015,2.8,0.01,Barbie and Her Sisters Puppy Rescue(WiiU),WiiU
2009,8.5,0.01,Groovin' Blocks(Wii),Wii
2003,3.1,0.01,Aquaman: Battle for Atlantis(GC),GC
2002,4.3,0.01,Smuggler's Run(GBA),GBA
2015,7.1,0.01,Legend of Kay Anniversary(WiiU),WiiU
2015,7.4,0.01,Mario vs. Donkey Kong: Tipping Stars(WiiU),WiiU
2007,7.5,0.01,Fullmetal Alchemist: Trading Card Game(DS),DS
2002,6.4,0.01,Darkened Skye(GC),GC
2015,8.3,0.01,Art Academy: Home Studio(WiiU),WiiU
2007,7.9,0.01,Hoshigami: Ruining Blue Earth Remix(DS),DS
2004,9.5,0.01,Wade Hixton's Counter Punch(GBA),GBA
2002,8,0.01,Egg Mania: Eggstreme Madness(GC),GC
2003,9.5,0.01,Karnaaj Rally(GBA),GBA
2016,8.5,0.01,Fast Racing Neo (WiiU),WiiU
2001,2.4,0.01,E.T. The Extra-Terrestrial(GBA),GBA
2002,8.8,0.01,Mortal Kombat: Deadly Alliance(GBA),GBA
