2009,7.6,8.01,The Sims 3(PC),PC
2004,7.3,6.29,World of Warcraft(PC),PC
2012,4,5.14,Diablo III(PC),PC
2010,8.2,4.84,StarCraft II: Wings of Liberty(PC),PC
1997,9.1,4.12,Half-Life(PC),PC
2007,7.9,4.09,World of Warcraft: The Burning Crusade(PC),PC
2011,8.1,3.88,The Elder Scrolls V: Skyrim(PC),PC
2002,8,3.76,The Sims: Unleashed(PC),PC
2002,7.8,3.07,The Sims: Vacation(PC),PC
2014,3.9,3.05,The Sims 4(PC),PC
2000,6.6,2.99,The Sims: Livin Large(PC),PC
2011,5.9,2.96,Star Wars: The Old Republic(PC),PC
2011,7.5,2.78,Battlefield 3(PC),PC
1997,9,2.4,Theme Hospital(PC),PC
2004,9.1,2.37,Half-Life 2(PC),PC
2012,7.9,2.31,Guild Wars 2(PC),PC
1997,8.3,2.29,Tomb Raider II(PC),PC
2001,7.9,2.16,The Sims: House Party(PC),PC
2010,5.6,2.08,World of Warcraft: Cataclysm(PC),PC
1998,8.3,2.08,Sim Theme Park(PC),PC
2003,8.6,1.92,The Sims: Makin' Magic(PC),PC
2012,4.8,1.82,World of Warcraft: Mists of Pandaria(PC),PC
2001,7.9,1.82,The Sims: Hot Date(PC),PC
2011,2.5,1.72,Call of Duty: Modern Warfare 3(PC),PC
2010,5.3,1.7,The Sims 3: Late Night Expansion Pack(PC),PC
2010,7.9,1.68,Sid Meier's Civilization V(PC),PC
2003,8.2,1.68,The Sims: Superstar(PC),PC
2013,7.9,1.67,StarCraft II: Heart of the Swarm(PC),PC
1996,8.7,1.59,Diablo(PC),PC
2003,9,1.54,Warcraft III: The Frozen Throne(PC),PC
2012,4.2,1.53,Call of Duty: Black Ops II(PC),PC
2011,8,1.51,Football Manager 2012(PC),PC
2011,7,1.43,Anno 2070(PC),PC
2013,2.2,1.42,SimCity (2013)(PC),PC
2013,6,1.35,Battlefield 4(PC),PC
2008,7.5,1.32,World of Warcraft: Wrath of the Lich King(PC),PC
2015,5.4,1.29,Fallout 4(PC),PC
2005,6.6,1.27,The Sims 2: Nightlife(PC),PC
2010,8.4,1.26,Football Manager 2011(PC),PC
2002,8.5,1.25,RollerCoaster Tycoon 2(PC),PC
2015,7.9,1.17,Grand Theft Auto V(PC),PC
2010,8.6,1.17,Fallout: New Vegas(PC),PC
2008,5.3,1.17,Spore(PC),PC
2008,8.1,1.15,Worldwide Soccer Manager 2009(PC),PC
2012,6.7,1.15,Football Manager 2013(PC),PC
2007,8.5,1.15,Call of Duty 4: Modern Warfare(PC),PC
2007,8,1.12,Worldwide Soccer Manager 2008(PC),PC
2009,6.9,1.08,Empire: Total War(PC),PC
2001,9.1,1.06,Diablo II: Lord of Destruction(PC),PC
1996,8.5,1.03,Tomb Raider(PC),PC
2008,7.9,0.98,Fallout 3(PC),PC
2005,8.9,0.97,Grand Theft Auto: San Andreas(PC),PC
2012,5.5,0.97,Mass Effect 3(PC),PC
2012,8.2,0.96,Far Cry 3(PC),PC
2012,7.5,0.96,Farming Simulator 2013(PC),PC
2011,8.5,0.96,The Witcher 2: Assassins of Kings(PC),PC
2012,6.2,0.93,Assassin's Creed III(PC),PC
2012,8.2,0.93,Borderlands 2(PC),PC
2014,5.7,0.9,The Elder Scrolls Online(PC),PC
2009,4.2,0.88,Call of Duty: Modern Warfare 2(PC),PC
2008,6.6,0.88,Grand Theft Auto IV(PC),PC
2011,8.8,0.76,Portal 2(PC),PC
2011,7.4,0.74,Assassin's Creed: Revelations(PC),PC
2011,6.8,0.74,Crysis 2(PC),PC
2014,5.9,0.73,Dragon Age: Inquisition(PC),PC
2013,4.2,0.72,Total War: Rome II(PC),PC
2015,9.3,0.72,The Witcher 3: Wild Hunt(PC),PC
2010,8.3,0.72,Battlefield: Bad Company 2(PC),PC
2012,8.2,0.71,XCOM: Enemy Unknown(PC),PC
2007,8,0.71,Crysis(PC),PC
2011,6.1,0.69,The Sims: Medieval(PC),PC
2011,7.3,0.67,RIFT(PC),PC
2008,8.6,0.67,Mass Effect(PC),PC
2010,6.5,0.66,The Sims 3: High-End Loft Stuff(PC),PC
2010,7.9,0.66,Napoleon: Total War(PC),PC
2013,8.5,0.66,BioShock Infinite(PC),PC
2016,8,0.65,Farming Simulator 17(PC),PC
2013,7.7,0.64,Assassin's Creed IV: Black Flag(PC),PC
2013,5.5,0.64,Football Manager 2014(PC),PC
2011,4.5,0.63,Dragon Age II(PC),PC
2014,6.7,0.63,Far Cry 4(PC),PC
2011,3.6,0.63,The Sims 3: Generations(PC),PC
2013,6.5,0.63,Crysis 3(PC),PC
1998,8.2,0.62,Tomb Raider III: Adventures of Lara Croft(PC),PC
2011,8.3,0.6,Total War: Shogun 2(PC),PC
2008,8,0.59,Dead Space(PC),PC
2011,8.2,0.59,Assassin's Creed: Brotherhood(PC),PC
2011,8.5,0.58,Deus Ex: Human Revolution(PC),PC
2009,8,0.57,The Sims 3: World Adventures(PC),PC
2014,6.2,0.56,Titanfall(PC),PC
2014,3,0.55,Assassin's Creed: Unity(PC),PC
2010,6.9,0.55,Assassin's Creed II(PC),PC
2016,6.8,0.53,Overwatch(PC),PC
2015,8.3,0.53,StarCraft II: Legacy of the Void(PC),PC
2011,8.6,0.53,Batman: Arkham City(PC),PC
2006,8.6,0.52,The Sims 2: Open for Business(PC),PC
2009,8.6,0.51,Dragon Age: Origins(PC),PC
2008,7.6,0.49,Euro Truck Simulator(PC),PC
2010,6.4,0.49,Medal of Honor(PC),PC
2008,3.6,0.49,Sniper: Art of Victory(PC),PC
2008,5.8,0.48,Far Cry 2(PC),PC
2014,5.9,0.47,World of Warcraft: Warlords of Draenor(PC),PC
2009,8.1,0.47,"Warhammer 40,000: Dawn of War II(PC)",PC
2014,6,0.46,Football Manager 2015(PC),PC
2010,7.3,0.46,The Sims 3: Ambitions(PC),PC
2011,5.6,0.46,The Sims 3: Outdoor Living Stuff(PC),PC
2014,8.2,0.45,Wolfenstein: The New Order(PC),PC
2014,4.7,0.45,Watch Dogs(PC),PC
2012,7.6,0.43,Max Payne 3(PC),PC
2006,7.6,0.43,Microsoft Flight Simulator X(PC),PC
1998,8.6,0.41,Tomb Raider: The Last Revelation(PC),PC
2016,5.8,0.41,Tom Clancy's The Division(PC),PC
2007,8.5,0.41,BioShock(PC),PC
2014,4.5,0.41,Call of Duty: Advanced Warfare(PC),PC
2011,5.7,0.41,Duke Nukem Forever(PC),PC
2013,4.6,0.4,FIFA 14(PC),PC
2012,6.6,0.4,FIFA Soccer 13(PC),PC
2010,7.9,0.4,Mafia II(PC),PC
2010,8.8,0.39,Mass Effect 2(PC),PC
2016,7.6,0.38,Battlefield 1(PC),PC
2011,8.1,0.38,Saints Row: The Third(PC),PC
2009,8.8,0.38,Dawn of Discovery(PC),PC
2005,7.7,0.38,Age of Empires III(PC),PC
2010,6.7,0.37,Need for Speed: Hot Pursuit(PC),PC
2011,5.2,0.37,Rage(PC),PC
2008,8,0.37,Medieval II: Total War Gold Edition(PC),PC
2011,5.8,0.36,Need for Speed: The Run(PC),PC
2014,5.5,0.36,Sid Meier's Civilization: Beyond Earth(PC),PC
2009,8.5,0.36,Left 4 Dead 2(PC),PC
2014,8,0.35,Middle-Earth: Shadow of Mordor(PC),PC
2015,6.9,0.35,Football Manager 2016(PC),PC
2013,2.1,0.34,Company of Heroes 2(PC),PC
2011,6.3,0.34,The Sims 3: Town Life Stuff(PC),PC
2012,5.4,0.33,Medal of Honor: Warfighter(PC),PC
2008,8.5,0.32,The Witcher: Enhanced Edition(PC),PC
2011,8.3,0.32,Dead Space 2(PC),PC
2009,8.7,0.32,Batman: Arkham Asylum(PC),PC
2016,7.5,0.32,World of Warcraft: Legion(PC),PC
2011,5.4,0.32,Fable III(PC),PC
2013,7.5,0.31,Batman: Arkham Origins(PC),PC
2010,5.2,0.31,The Settlers 7: Paths to a Kingdom(PC),PC
2012,6.6,0.3,Kingdoms of Amalur: Reckoning(PC),PC
2006,8.3,0.3,1701 A.D.(PC),PC
2004,8.8,0.29,The Sims 2(PC),PC
2005,8.5,0.29,Need for Speed: Most Wanted(PC),PC
2014,6.2,0.29,Borderlands: The Pre-Sequel(PC),PC
2003,8.7,0.29,SimCity 4(PC),PC
2011,3.7,0.29,World of Tanks(PC),PC
2014,4.2,0.28,FIFA 15(PC),PC
2014,5.9,0.27,The Evil Within(PC),PC
2012,8,0.27,Mass Effect Trilogy(PC),PC
2004,5,0.27,RollerCoaster Tycoon 3(PC),PC
2010,8.1,0.27,R.U.S.E.(PC),PC
2011,7.7,0.27,Tropico 4(PC),PC
2008,8.4,0.26,Zoo Tycoon 2: Ultimate Collection(PC),PC
2006,8.1,0.25,The Elder Scrolls IV: Oblivion(PC),PC
2010,3.5,0.25,Silent Hunter 5: Battle of the Atlantic(PC),PC
2011,7.5,0.25,LEGO Star Wars III: The Clone Wars(PC),PC
2015,5.9,0.25,Anno 2205(PC),PC
2013,3.3,0.25,Need for Speed Rivals(PC),PC
2011,7.9,0.25,L.A. Noire: The Complete Edition(PC),PC
2016,7.3,0.25,Sid Meier's Civilization VI(PC),PC
2012,7,0.24,Hitman: Absolution(PC),PC
2011,5.5,0.24,Homefront(PC),PC
2015,7.3,0.24,Total War: Attila(PC),PC
2010,8.1,0.24,Metro 2033(PC),PC
2011,7.3,0.24,Angry Birds(PC),PC
2011,6.8,0.23,DC Universe Online(PC),PC
2016,7.1,0.23,XCOM 2(PC),PC
2015,6.9,0.23,Tom Clancy's Rainbow Six: Siege(PC),PC
2012,8.2,0.23,Spec Ops: The Line(PC),PC
2012,5.6,0.22,Risen 2: Dark Waters(PC),PC
2015,7.3,0.22,The Sims 4: Get Together(PC),PC
2012,8.2,0.22,LEGO The Lord of the Rings(PC),PC
2011,6.8,0.22,Dead Island(PC),PC
2004,3.5,0.21,Star Wars: Battlefront(PC),PC
2015,5.9,0.21,Assassin's Creed Syndicate(PC),PC
2013,6.5,0.21,Defiance(PC),PC
2003,7.5,0.2,EVE Online(PC),PC
2011,7.4,0.2,"Warhammer 40,000: Space Marine(PC)",PC
2015,4.4,0.2,FIFA 16(PC),PC
2011,6.5,0.2,Two Worlds II(PC),PC
2015,7.9,0.2,Dying Light(PC),PC
2010,7.4,0.19,Aliens vs Predator(PC),PC
2016,3.2,0.19,Mafia III(PC),PC
2010,6.2,0.19,Supreme Commander 2(PC),PC
2014,8.6,0.19,South Park: The Stick of Truth(PC),PC
2010,8.6,0.19,NBA 2K11(PC),PC
2013,8.6,0.19,Metro: Last Light(PC),PC
2015,4.3,0.19,Evolve(PC),PC
2013,7.4,0.19,Tom Clancy's Splinter Cell: Blacklist(PC),PC
2011,7.2,0.19,F1 2011(PC),PC
2013,7.4,0.19,Saints Row IV(PC),PC
2010,4.4,0.19,Arcania: Gothic 4(PC),PC
2011,7.1,0.19,The Lord of the Rings: War in the North(PC),PC
2011,7,0.18,Driver: San Francisco(PC),PC
2008,7.5,0.18,Call of Duty: World at War(PC),PC
2013,3.5,0.18,Aliens: Colonial Marines(PC),PC
2010,7.7,0.18,FIFA Soccer 11(PC),PC
2009,7.8,0.18,Borderlands(PC),PC
2011,6,0.18,Brink(PC),PC
2014,7.1,0.17,Dark Souls II(PC),PC
2011,4.7,0.17,Dungeon Siege III(PC),PC
2012,8.2,0.17,The Secret World(PC),PC
2012,4.9,0.17,Tom Clancy's Ghost Recon: Future Soldier(PC),PC
2009,8.5,0.17,Age of Empires III: Complete Collection(PC),PC
2005,8.8,0.17,Star Wars: Battlefront II(PC),PC
2013,8.1,0.17,LEGO Marvel Super Heroes(PC),PC
2016,4.8,0.16,Far Cry: Primal(PC),PC
2005,8.3,0.16,Sid Meier's Civilization IV(PC),PC
2011,3,0.16,Stronghold 3(PC),PC
2014,6.4,0.16,The Crew(PC),PC
2012,7.5,0.16,The Sims 3: Seasons(PC),PC
2011,7.1,0.16,NBA 2K12(PC),PC
2011,7.7,0.16,Bulletstorm(PC),PC
2014,7.4,0.16,Wildstar(PC),PC
2010,5.5,0.16,Sniper: Ghost Warrior(PC),PC
2011,5.9,0.15,F.E.A.R. 3(PC),PC
2012,7.8,0.15,Darksiders II(PC),PC
2011,6.9,0.15,DiRT 3(PC),PC
2010,7.8,0.15,Darksiders(PC),PC
2012,8.2,0.15,Deponia(PC),PC
2012,6.9,0.15,F1 2012(PC),PC
2011,8.5,0.14,Terraria(PC),PC
2014,8.4,0.14,Alien: Isolation(PC),PC
2015,5.3,0.14,Just Cause 3(PC),PC
2009,7.5,0.14,ArmA II(PC),PC
2015,8.9,0.14,Cities: Skylines(PC),PC
2007,9.3,0.14,The Orange Box(PC),PC
2003,9,0.14,Star Wars: Knights of the Old Republic(PC),PC
2009,8.1,0.14,Risen(PC),PC
2012,7.6,0.14,The Darkness II(PC),PC
2000,8,0.14,Age of Empires: Collector's Edition(PC),PC
2015,3.8,0.14,Battlefield: Hardline(PC),PC
2010,6.3,0.14,Dead Rising 2(PC),PC
2016,3,0.14,Call of Duty: Infinite Warfare(PC),PC
2011,7.3,0.14,Red Orchestra 2: Heroes of Stalingrad(PC),PC
2012,8.7,0.13,Euro Truck Simulator 2(PC),PC
2002,9.1,0.13,Warcraft III: Reign of Chaos(PC),PC
2016,7.3,0.13,Total War: WARHAMMER(PC),PC
2015,2.5,0.13,Batman: Arkham Knight(PC),PC
2000,8.8,0.13,Diablo II(PC),PC
2010,7,0.13,Farming Simulator 2011(PC),PC
2015,7.1,0.13,Project CARS(PC),PC
2010,7.7,0.12,Just Cause 2(PC),PC
2012,8.2,0.12,Sleeping Dogs(PC),PC
2016,7.9,0.12,Rise of the Tomb Raider(PC),PC
2016,6,0.12,Dishonored 2(PC),PC
2011,8.4,0.12,Alice: Madness Returns(PC),PC
2014,7,0.12,Tropico 5(PC),PC
2016,4.2,0.12,FIFA 17(PC),PC
2011,6,0.12,Darkspore(PC),PC
2011,8.3,0.11,18 Wheels of Steel: Extreme Trucker 2(PC),PC
2010,7.9,0.11,Lost Horizon(PC),PC
2011,3.3,0.11,Call of Juarez: The Cartel(PC),PC
2001,8.9,0.11,Stronghold(PC),PC
2009,8.8,0.11,Machinarium(PC),PC
2011,8.3,0.11,Sonic Generations(PC),PC
2012,6.4,0.11,[Prototype 2](PC),PC
2013,7.4,0.11,ArmA III(PC),PC
2010,5.2,0.11,Tom Clancy's Splinter Cell: Conviction(PC),PC
2011,4.9,0.11,Stronghold Kingdoms(PC),PC
2009,8.2,0.1,The Book of Unwritten Tales(PC),PC
2015,7.3,0.1,Wasteland 2(PC),PC
2013,4.4,0.1,Pro Evolution Soccer 2014(PC),PC
2004,9.1,0.1,Rome: Total War(PC),PC
2004,7.6,0.1,Doom 3(PC),PC
2016,5.7,0.1,The Sims 4: City Living(PC),PC
2009,7.6,0.1,The Whispered World(PC),PC
2010,4.1,0.1,Harry Potter and the Deathly Hallows - Part 1(PC),PC
2015,5.7,0.1,NBA 2K16(PC),PC
2011,5,0.1,Harry Potter and the Deathly Hallows - Part 2(PC),PC
2014,4.8,0.1,F1 2014(PC),PC
2011,3.5,0.1,Skylanders: Spyro's Adventure(PC),PC
2006,8.9,0.1,Medieval II: Total War(PC),PC
2011,4.6,0.09,Dungeons(PC),PC
2009,7.5,0.09,Burnout Paradise: The Ultimate Box(PC),PC
1999,9,0.09,Age of Empires II: The Age of Kings(PC),PC
2007,5.6,0.09,Halo 2(PC),PC
2016,4.3,0.09,Football Manager 2017(PC),PC
2011,6.4,0.09,Pro Evolution Soccer 2012(PC),PC
2015,7.6,0.09,Wolfenstein: The Old Blood(PC),PC
2009,8.2,0.09,Crysis: Maximum Edition(PC),PC
2014,5.7,0.09,Risen 3: Titan Lords(PC),PC
2011,6.7,0.09,Red Faction: Armageddon(PC),PC
2008,7.7,0.09,The Sims 2: Apartment Life(PC),PC
2002,8.9,0.09,Age of Mythology(PC),PC
2004,8.9,0.08,Counter-Strike: Source(PC),PC
2011,7.7,0.08,Gray Matter(PC),PC
2006,8.4,0.08,Star Wars: Empire at War(PC),PC
2010,8.1,0.08,Bejeweled 3(PC),PC
2012,6.9,0.08,Pro Evolution Soccer 2013(PC),PC
2016,6.9,0.08,Battleborn(PC),PC
2005,8.4,0.08,Battlefield 2(PC),PC
2016,8,0.08,Titanfall 2(PC),PC
2011,5.9,0.08,Major League Baseball 2K11(PC),PC
2010,5.4,0.08,The Sims 3: Fast Lane Stuff(PC),PC
2013,5.8,0.08,Sniper: Ghost Warrior 2(PC),PC
2011,7.8,0.08,"Warhammer 40,000: Dawn of War II - Retribution(PC)",PC
2011,5.8,0.08,The First Templar(PC),PC
2012,6.5,0.08,Game of Thrones(PC),PC
2015,7.5,0.08,Assassin's Creed: Rogue(PC),PC
2008,7.7,0.08,Tomb Raider: Underworld(PC),PC
2013,3.3,0.08,X Rebirth(PC),PC
2005,7.9,0.08,Silent Hunter III(PC),PC
2011,6.7,0.08,The Sims 3: Barnacle Bay(PC),PC
2015,7.7,0.08,Metal Gear Solid V: The Phantom Pain(PC),PC
2011,8.2,0.08,Serious Sam 3: BFE(PC),PC
2008,4.9,0.08,Need For Speed: Undercover(PC),PC
2012,8.5,0.08,Need for Speed: Most Wanted(PC),PC
2012,8.4,0.08,Rayman Origins(PC),PC
2004,8.5,0.07,Need for Speed Underground 2(PC),PC
2009,8,0.07,Torchlight(PC),PC
2009,7.8,0.07,F.E.A.R. 2: Project Origin(PC),PC
2004,8.6,0.07,The Lord of the Rings: The Battle for Middle-Earth(PC),PC
2009,7.7,0.07,Divinity II: Ego Draconis(PC),PC
2010,6.2,0.07,Emergency 2012(PC),PC
2009,7.1,0.07,Hearts of Iron III(PC),PC
2016,8.6,0.07,Dark Souls III(PC),PC
2003,8.3,0.07,SimCity 4: Deluxe Edition(PC),PC
2011,4.9,0.07,Operation Flashpoint: Red River(PC),PC
2009,9,0.07,Football Manager 2010(PC),PC
2005,8.7,0.07,Fable: The Lost Chapters(PC),PC
2007,7.3,0.07,The Sims 2: Seasons(PC),PC
2012,8,0.07,The Testament of Sherlock Holmes(PC),PC
2003,8.2,0.07,Microsoft Flight Simulator 2004: A Century of Flight(PC),PC
2013,7.9,0.07,Goodbye Deponia(PC),PC
2009,7.1,0.07,Resident Evil 5(PC),PC
2010,6,0.07,TRON: Evolution(PC),PC
2011,5.6,0.07,Cities XL 2012(PC),PC
2012,8,0.06,Alan Wake(PC),PC
2007,8.5,0.06,Age of Empires III: The Asian Dynasties(PC),PC
2013,5.7,0.06,GRID 2(PC),PC
2016,4.4,0.06,Mirror's Edge Catalyst(PC),PC
2014,5.8,0.06,Pro Evolution Soccer 2015(PC),PC
2011,5.6,0.06,Age of Empires Online(PC),PC
2014,6.8,0.06,Lego Batman 3: Beyond Gotham(PC),PC
2014,6.8,0.06,The LEGO Movie Videogame(PC),PC
2008,7.8,0.06,LEGO Batman: The Videogame(PC),PC
2010,7.4,0.06,Blur(PC),PC
2011,7.9,0.06,The Next BIG Thing(PC),PC
2011,7.4,0.06,EverQuest II: Destiny of Velious(PC),PC
2007,8,0.06,Unreal Tournament III(PC),PC
2005,8.4,0.06,Call of Duty 2(PC),PC
2011,5.3,0.06,Dead Rising 2: Off the Record(PC),PC
2007,8.8,0.06,The Witcher(PC),PC
2009,8.7,0.06,S.T.A.L.K.E.R.: Call of Pripyat(PC),PC
2010,6.8,0.06,Create(PC),PC
2003,8,0.06,Zoo Tycoon: Complete Collection(PC),PC
2008,6.9,0.06,Sacred 2: Fallen Angel(PC),PC
2009,5.8,0.06,Need for Speed: Shift(PC),PC
2004,8.1,0.06,Zoo Tycoon 2(PC),PC
2016,2.9,0.06,Street Fighter V(PC),PC
2007,8.4,0.06,S.T.A.L.K.E.R.: Shadow of Chernobyl(PC),PC
2005,7.8,0.06,The Sims 2: University(PC),PC
2001,7.8,0.06,Harry Potter and the Sorcerer's Stone(PC),PC
2013,7.4,0.06,Remember Me(PC),PC
2009,8,0.06,The Saboteur(PC),PC
2016,8.2,0.06,Rocket League(PC),PC
2009,8.1,0.06,Mirror's Edge(PC),PC
2006,8.1,0.06,Titan Quest(PC),PC
2006,7.3,0.06,Gothic 3(PC),PC
2010,6.6,0.05,F1 2010(PC),PC
1999,8.8,0.05,Dungeon Keeper 2(PC),PC
2016,6.9,0.05,Hearts of Iron IV(PC),PC
2010,5.1,0.05,Front Mission Evolved(PC),PC
2012,6.7,0.05,The Lost Chronicles of Zerzura(PC),PC
2009,7.4,0.05,4 Elements(PC),PC
2014,7.4,0.05,Murdered: Soul Suspect(PC),PC
2011,5.5,0.05,Airline Tycoon 2(PC),PC
2011,7.1,0.05,IL-2 Sturmovik: Cliffs of Dover(PC),PC
2007,7.3,0.05,Medal of Honor: Airborne(PC),PC
2011,8.2,0.05,Men of War: Assault Squad(PC),PC
2015,3.6,0.05,F1 2015(PC),PC
2011,6.6,0.05,Hunted: The Demon's Forge(PC),PC
2010,3.8,0.05,Tom Clancy's HAWX 2(PC),PC
2015,5.1,0.05,Mortal Kombat X(PC),PC
2011,7.7,0.05,Cities in Motion(PC),PC
2009,6.8,0.05,Venetica(PC),PC
2009,4.9,0.05,Operation Flashpoint: Dragon Rising(PC),PC
2013,6.5,0.05,The Bureau: XCOM Declassified(PC),PC
2008,7.3,0.05,Bejeweled Twist(PC),PC
2005,8.7,0.05,Star Wars: Republic Commando(PC),PC
2009,8.9,0.05,Plants vs. Zombies(PC),PC
2009,8.2,0.05,DiRT 2(PC),PC
2013,3.4,0.05,Payday 2(PC),PC
2015,5.4,0.05,Grand Ages: Medieval(PC),PC
2016,7.5,0.05,Plants vs. Zombies: Garden Warfare 2(PC),PC
2010,7.7,0.05,Singularity(PC),PC
2004,8.8,0.05,"Warhammer 40,000: Dawn of War(PC)",PC
2003,9,0.05,Freelancer(PC),PC
2009,8,0.05,LEGO Indiana Jones 2: The Adventure Continues(PC),PC
2006,7.2,0.05,Need for Speed Carbon(PC),PC
2001,8.2,0.05,Empire Earth(PC),PC
2010,6.8,0.05,Worms Reloaded(PC),PC
1998,9.1,0.05,StarCraft(PC),PC
2003,8.3,0.05,Need for Speed Underground(PC),PC
2004,8.1,0.05,Far Cry(PC),PC
2010,6.2,0.05,Ship Simulator Extremes(PC),PC
2009,3.8,0.05,FIFA Soccer 10(PC),PC
2000,7.9,0.05,The Sims(PC),PC
2011,3.9,0.05,FIFA Manager 12(PC),PC
2006,8.8,0.05,Company of Heroes(PC),PC
2007,6.9,0.05,Silent Hunter: Wolves of the Pacific(PC),PC
2007,8.3,0.05,Supreme Commander(PC),PC
2009,7.3,0.05,Wolfenstein(PC),PC
2001,8.4,0.05,Microsoft Train Simulator(PC),PC
2002,9.1,0.04,Mafia(PC),PC
2009,8.1,0.04,Tropico 3(PC),PC
2016,8.6,0.04,Life is Strange(PC),PC
2015,4.3,0.04,Pro Evolution Soccer 2016(PC),PC
2009,8.2,0.04,Runaway: A Twist of Fate(PC),PC
2009,7.3,0.04,Tom Clancy's HAWX(PC),PC
2007,8.2,0.04,City Life: World Edition(PC),PC
2006,8.8,0.04,IL-2 Sturmovik: 1946(PC),PC
2003,8.2,0.04,Praetorians(PC),PC
2005,8.8,0.04,Guild Wars Trilogy(PC),PC
2006,7.4,0.04,Secret Files: Tunguska(PC),PC
2010,8.2,0.04,Split/Second(PC),PC
2012,5.9,0.04,Resident Evil 6(PC),PC
2007,5.9,0.04,Need for Speed: ProStreet(PC),PC
2012,5.7,0.04,Major League Baseball 2K12(PC),PC
2002,8.2,0.04,The Sims Deluxe(PC),PC
2008,7.7,0.04,LEGO Indiana Jones: The Original Adventures(PC),PC
2006,7.7,0.04,The Sims 2: Pets(PC),PC
2009,6.5,0.04,Blood Bowl(PC),PC
2004,7.7,0.04,Port Royale 2(PC),PC
2009,7.2,0.04,Company of Heroes: Tales of Valor(PC),PC
2016,8,0.04,Stellaris(PC),PC
2008,8.5,0.04,Devil May Cry 4(PC),PC
2006,7.9,0.04,Heroes of Might and Magic V(PC),PC
2003,8.7,0.04,Age of Mythology: The Titans(PC),PC
2011,7.3,0.04,Virtua Tennis 4(PC),PC
2007,8.6,0.04,Company of Heroes: Opposing Fronts(PC),PC
2003,9,0.04,Rise of Nations(PC),PC
2011,4.9,0.04,Men of War: Vietnam(PC),PC
2005,8.4,0.04,Imperial Glory(PC),PC
2010,6.4,0.04,Patrician IV(PC),PC
2013,7,0.04,Resident Evil: Revelations(PC),PC
2003,8.8,0.04,Grand Theft Auto: Vice City(PC),PC
2010,5.5,0.04,CSI: Fatal Conspiracy(PC),PC
2007,2.8,0.04,Empire Earth III(PC),PC
2015,7.6,0.04,The Sims 4: Spa Day(PC),PC
2012,3.8,0.04,Resident Evil: Operation Raccoon City(PC),PC
2011,3.1,0.04,JASF: Jane's Advanced Strike Fighters(PC),PC
2011,6.4,0.04,Off-Road Drive(PC),PC
2015,7.1,0.04,LEGO Jurassic World(PC),PC
2005,8.3,0.04,The Movies(PC),PC
2015,4,0.04,Train Simulator 2016(PC),PC
2007,8.9,0.04,Supreme Commander: Forged Alliance(PC),PC
2013,6.2,0.04,Lost Planet 3(PC),PC
2014,7.7,0.04,Castlevania: Lords of Shadow 2(PC),PC
2003,7.4,0.04,Halo: Combat Evolved(PC),PC
2011,7.8,0.04,Worms: Ultimate Mayhem(PC),PC
2006,7.6,0.04,Caesar IV(PC),PC
2011,5.7,0.04,APB Reloaded(PC),PC
2007,7.1,0.04,Harry Potter and the Order of the Phoenix(PC),PC
2006,7.5,0.04,Scarface: The World is Yours(PC),PC
2004,7.2,0.04,Harry Potter and the Prisoner of Azkaban(PC),PC
2009,6.8,0.04,Saints Row 2(PC),PC
2011,8.4,0.04,Trine 2(PC),PC
2016,7,0.04,Transport Fever(PC),PC
2016,3.5,0.04,Homefront: The Revolution(PC),PC
2008,8.5,0.04,World of Goo(PC),PC
2009,7.1,0.04,Secret Files 2: Puritas Cordis(PC),PC
2003,7.7,0.04,Railroad Tycoon 3(PC),PC
2008,7.7,0.04,S.T.A.L.K.E.R.: Clear Sky(PC),PC
2010,7.9,0.04,Sins of a Solar Empire: Trinity(PC),PC
2007,8.1,0.04,World in Conflict(PC),PC
2016,4.8,0.03,Pro Cycling Manager 2016(PC),PC
2007,8.1,0.03,Tomb Raider: Anniversary(PC),PC
2013,7.5,0.03,The Night of the Rabbit(PC),PC
2011,4,0.03,A Game of Thrones: Genesis(PC),PC
2007,7.9,0.03,Gothic Universe(PC),PC
2011,6,0.03,The Cursed Crusade(PC),PC
2008,2.5,0.03,Hotel Giant 2(PC),PC
1998,8.7,0.03,Caesar III(PC),PC
2006,7.2,0.03,DarkStar One(PC),PC
2006,8.8,0.03,Hitman: Blood Money(PC),PC
2009,7,0.03,Section 8(PC),PC
2010,7.5,0.03,Alpha Protocol(PC),PC
1998,9.2,0.03,Planescape: Torment(PC),PC
2003,8.6,0.03,Star Wars Jedi Knight: Jedi Academy(PC),PC
2008,8.3,0.03,The Void(PC),PC
2011,6.8,0.03,Supreme Ruler: Cold War(PC),PC
2006,8.5,0.03,Rise of Nations: Rise of Legends(PC),PC
2010,7.5,0.03,Apache: Air Assault(PC),PC
2009,8,0.03,Call of Juarez: Bound in Blood(PC),PC
2009,7.5,0.03,Red Faction: Guerrilla(PC),PC
2016,6.1,0.03,Deus Ex: Mankind Divided(PC),PC
2010,6.6,0.03,Prince of Persia: The Forgotten Sands(PC),PC
2006,6.7,0.03,The Sims 2: Glamour Life Stuff(PC),PC
2009,8.2,0.03,RACE On(PC),PC
2016,6.3,0.03,Song of the Deep(PC),PC
2012,8.3,0.03,The Binding of Isaac(PC),PC
2009,8.1,0.03,Overlord II(PC),PC
2016,8.7,0.03,DiRT Rally(PC),PC
2014,6.8,0.03,Trials Fusion(PC),PC
2006,8.6,0.03,Rome: Total War - Gold Edition(PC),PC
2007,3.3,0.03,Combat Mission: Shock Force(PC),PC
2009,8.1,0.03,Men of War(PC),PC
2009,7.8,0.03,Guitar Hero: World Tour(PC),PC
1985,5.8,0.03,Alter Ego(PC),PC
2015,7.6,0.03,Transformers: Devastation(PC),PC
2002,8.2,0.03,Neverwinter Nights(PC),PC
2003,7.5,0.03,Lock On: Modern Air Combat(PC),PC
2010,7.3,0.03,Shaun White Skateboarding(PC),PC
2007,7.9,0.03,Ratatouille(PC),PC
2005,8.4,0.03,Guild Wars(PC),PC
2011,6.7,0.03,Take On Helicopters(PC),PC
2003,8.3,0.03,Homeworld 2(PC),PC
2003,8.3,0.03,Rayman 3: Hoodlum Havoc(PC),PC
2004,9.1,0.03,Knights of Honor(PC),PC
2013,8.1,0.03,The Inner World(PC),PC
2005,7.1,0.03,Empire Earth II(PC),PC
2009,5.8,0.03,Codename: Panzers Cold War(PC),PC
2010,5.8,0.03,Star Wars: The Force Unleashed II(PC),PC
1992,8.2,0.03,Doom(PC),PC
1988,2.2,0.03,SimCity(PC),PC
2009,6.1,0.03,Harry Potter and the Half-Blood Prince(PC),PC
2012,5.3,0.03,Doom 3 BFG Edition(PC),PC
2008,8.2,0.03,GTR Evolution(PC),PC
2014,6.9,0.03,Lords of the Fallen(PC),PC
2008,8.2,0.03,Sins of a Solar Empire(PC),PC
2012,6.8,0.03,NBA 2K13(PC),PC
2007,7.4,0.03,Resident Evil 4(PC),PC
2008,6.3,0.03,007: Quantum of Solace(PC),PC
2009,8.4,0.03,World of Zoo(PC),PC
2010,5.2,0.03,Commander: Conquest of the Americas(PC),PC
2011,6.6,0.03,LEGO Pirates of the Caribbean: The Video Game(PC),PC
2009,8.6,0.03,Braid(PC),PC
2002,8.5,0.03,Syberia(PC),PC
2008,7,0.03,Jack Keane(PC),PC
2009,6.2,0.03,Monsters vs. Aliens(PC),PC
2015,4.8,0.03,Ride(PC),PC
2010,7.9,0.03,LEGO Harry Potter: Years 1-4(PC),PC
2016,6.1,0.03,Bus Simulator 16(PC),PC
2012,8.3,0.03,Botanicula(PC),PC
2001,8.6,0.03,Cossacks: European Wars(PC),PC
2006,7.4,0.03,Warhammer: Mark of Chaos(PC),PC
2004,7.5,0.03,Battlefield Vietnam(PC),PC
2010,8.4,0.03,Age of Conan: Rise of the Godslayer(PC),PC
2003,9,0.03,Max Payne 2: The Fall of Max Payne(PC),PC
2011,7.6,0.03,Magicka(PC),PC
2006,8.7,0.03,Guild Wars: Nightfall(PC),PC
2008,6.4,0.03,MySims(PC),PC
2007,7.3,0.03,The Sims 2: Bon Voyage(PC),PC
2009,4.7,0.03,Star Wars The Clone Wars: Republic Heroes(PC),PC
2008,7.5,0.03,Bully: Scholarship Edition(PC),PC
2003,3.2,0.03,RollerCoaster Tycoon 2: Triple Thrill Pack(PC),PC
2007,7.8,0.03,Age of Empires III: Gold Edition(PC),PC
2010,8.3,0.03,Divinity II: Flames of Vengeance(PC),PC
2006,6.8,0.03,Battlefield 2142(PC),PC
2011,6.4,0.03,Air Conflicts: Secret Wars(PC),PC
2010,6.3,0.03,Lost Planet 2(PC),PC
2008,7.9,0.03,X3: Terran Conflict(PC),PC
2005,8.6,0.03,SWAT 4(PC),PC
2002,8.6,0.03,Battlefield 1942(PC),PC
2011,7.5,0.03,Magicka Collection(PC),PC
2012,6.2,0.03,Captain Morgane and the Golden Turtle(PC),PC
2005,7.9,0.03,Dungeon Siege II(PC),PC
2009,8.4,0.03,Battlestations: Pacific(PC),PC
2004,8.2,0.02,Neverwinter Nights Diamond(PC),PC
2014,6.2,0.02,GRID Autosport(PC),PC
2009,6.7,0.02,The Lord of the Rings: Conquest(PC),PC
2015,7.7,0.02,Final Fantasy XIV: Heavensward(PC),PC
2007,7.8,0.02,Viva Pinata(PC),PC
2006,6.5,0.02,Neverwinter Nights 2(PC),PC
2006,8.6,0.02,Star Wars: Empire at War - Forces of Corruption(PC),PC
2003,8.7,0.02,Jurassic Park: Operation Genesis(PC),PC
2008,7.9,0.02,Warhammer Online: Age of Reckoning(PC),PC
2007,7.7,0.02,The Settlers: Rise of an Empire(PC),PC
2006,8.3,0.02,ParaWorld(PC),PC
1998,8.6,0.02,Pharaoh(PC),PC
2009,7.9,0.02,Demigod(PC),PC
2008,8.7,0.02,Europa Universalis III Complete(PC),PC
2008,6.8,0.02,Stronghold Crusader Extreme(PC),PC
2010,5.7,0.02,Cities XL 2011(PC),PC
2007,4.3,0.02,SimCity Societies(PC),PC
2010,6.2,0.02,Star Trek Online(PC),PC
2008,7.3,0.02,Tom Clancy's Rainbow Six: Vegas 2(PC),PC
2012,8,0.02,Tropico 4: Modern Times(PC),PC
2008,7.9,0.02,Brothers in Arms: Hell's Highway(PC),PC
2007,7.3,0.02,DiRT(PC),PC
2003,8.6,0.02,IL-2 Sturmovik: Forgotten Battles(PC),PC
2009,8.2,0.02,Ceville(PC),PC
2005,8.6,0.02,Falcon 4.0: Allied Force(PC),PC
2005,8.6,0.02,GT Legends(PC),PC
2012,6.4,0.02,Street Fighter X Tekken(PC),PC
2008,7.8,0.02,Kung Fu Panda(PC),PC
2008,6.9,0.02,Frontlines: Fuel of War(PC),PC
2009,6.7,0.02,Tom Clancy's EndWar(PC),PC
2014,7.8,0.02,Plants vs. Zombies: Garden Warfare(PC),PC
2007,8.1,0.02,Test Drive Unlimited(PC),PC
2009,3.9,0.02,Grey's Anatomy: The Video Game(PC),PC
2012,5.4,0.02,F1 Race Stars(PC),PC
2006,8.8,0.02,Unreal Anthology(PC),PC
2009,8,0.02,18 Wheels of Steel: Extreme Trucker(PC),PC
2008,9.2,0.02,Left 4 Dead(PC),PC
2009,6.7,0.02,Fuel(PC),PC
2011,7.3,0.02,Dungeon Defenders(PC),PC
2005,8.3,0.02,Indigo Prophecy(PC),PC
2007,8.1,0.02,Overlord(PC),PC
2006,7.5,0.02,The Lord of the Rings: The Battle for Middle-Earth II(PC),PC
2008,6.8,0.02,FIFA Soccer 09(PC),PC
2005,7.6,0.02,Quake 4(PC),PC
2001,9.1,0.02,Max Payne(PC),PC
1998,9,0.02,Homeworld(PC),PC
2009,7.3,0.02,Order of War(PC),PC
2002,7.7,0.02,Maximum Capacity: Hotel Giant(PC),PC
2005,8.2,0.02,Sacred Gold(PC),PC
2007,5.8,0.02,Legend: Hand of God(PC),PC
2014,1.4,0.02,Sacred 3(PC),PC
2016,3.7,0.02,Pro Evolution Soccer 2017(PC),PC
2009,6,0.02,SAW(PC),PC
2007,7.1,0.02,Spider-Man 3(PC),PC
2004,8.9,0.02,Fallout Trilogy(PC),PC
2008,7.8,0.02,Spider-Man: Web of Shadows(PC),PC
2008,8.2,0.02,The Lord of the Rings Online: Mines of Moria(PC),PC
2009,4.9,0.02,Stormrise(PC),PC
2004,8.1,0.02,Painkiller(PC),PC
2009,6.4,0.02,War Leaders: Clash of Nations(PC),PC
2016,2.4,0.02,RollerCoaster Tycoon World(PC),PC
2012,6.5,0.02,Oil Rush(PC),PC
2016,8.5,0.02,Agatha Christie: The ABC Murders(PC),PC
2014,5.4,0.02,Lara Croft and the Temple of Osiris(PC),PC
2006,4.6,0.02,Blazing Angels: Squadrons of WWII(PC),PC
2007,6.3,0.02,Hellgate: London(PC),PC
2006,7.8,0.02,TOCA Race Driver 3(PC),PC
2012,6,0.02,Ridge Racer Unbounded(PC),PC
2009,8.3,0.02,Mini Ninjas(PC),PC
2008,7.9,0.02,Crysis: Warhead(PC),PC
2006,4.1,0.02,The Sims 2: Family Fun Stuff(PC),PC
2009,7.1,0.02,Elven Legacy(PC),PC
2011,4.7,0.02,Trapped Dead(PC),PC
2003,8.7,0.02,Vietcong(PC),PC
2007,7.2,0.02,Guitar Hero III: Legends of Rock(PC),PC
2005,6.1,0.02,Starship Troopers(PC),PC
2005,6.7,0.02,Heroes of the Pacific(PC),PC
2006,8.3,0.02,Tycoon City: New York(PC),PC
2008,4.1,0.02,NHL 09(PC),PC
2015,7.4,0.02,The Crew: Wild Run(PC),PC
2009,8.1,0.02,WorldShift(PC),PC
2014,8.3,0.02,Pillars of Eternity(PC),PC
2011,3.2,0.02,Heavy Fire: Afghanistan(PC),PC
2008,6.6,0.02,Legendary(PC),PC
2003,7.6,0.02,Commandos 3: Destination Berlin(PC),PC
2010,7.1,0.02,James Bond 007: Blood Stone(PC),PC
2003,7.6,0.02,Uru: Ages Beyond Myst(PC),PC
2010,6.4,0.02,Blood Bowl: Legendary Edition(PC),PC
2009,5.7,0.02,Still Life 2(PC),PC
2008,8.1,0.02,Peggle Nights(PC),PC
2002,6.5,0.02,Combat Flight Simulator 3: Battle for Europe(PC),PC
2006,7.9,0.02,Tomb Raider: Legend(PC),PC
2009,3.1,0.02,Raven Squad: Operation Hidden Dagger(PC),PC
2009,5.7,0.02,East India Company(PC),PC
2011,5.6,0.02,Dungeons - The Dark Lord(PC),PC
2014,8.7,0.02,Divinity: Original Sin(PC),PC
2000,8,0.02,Airline Tycoon(PC),PC
2004,8.9,0.02,Unreal Tournament 2004(PC),PC
2008,7.6,0.02,Pirates of the Burning Sea(PC),PC
2006,7.3,0.02,Just Cause(PC),PC
2011,7.6,0.02,The Haunted: Hell's Reach(PC),PC
2010,5.4,0.02,Disciples III: Renaissance(PC),PC
1999,8.9,0.02,The Longest Journey(PC),PC
2008,6,0.02,Lost: Via Domus(PC),PC
2010,5.1,0.02,Dark Void(PC),PC
2006,7.2,0.02,Stronghold Legends(PC),PC
2001,7.6,0.02,Worms World Party(PC),PC
2007,7.8,0.02,Gears of War(PC),PC
2003,8,0.02,Post Mortem(PC),PC
2008,6.8,0.02,Wall-E(PC),PC
2009,7.3,0.02,Majesty 2: The Fantasy Kingdom Sim(PC),PC
2006,8.2,0.02,LEGO Star Wars II: The Original Trilogy(PC),PC
2006,4,0.02,Star Trek: Legacy(PC),PC
2004,8.3,0.02,Syberia II(PC),PC
2008,8.5,0.02,A Vampyre Story(PC),PC
2015,5.3,0.02,The Sims 4: Luxury Party Stuff(PC),PC
2005,8,0.02,Sniper Elite(PC),PC
2010,8.3,0.02,Achtung Panzer: Kharkov 1943(PC),PC
2011,8.3,0.02,Majesty 2 Collection(PC),PC
2007,8.3,0.02,Enemy Territory: Quake Wars(PC),PC
2004,7.1,0.02,Colin McRae Rally 2005(PC),PC
2016,4.3,0.02,Quantum Break(PC),PC
2007,6.1,0.02,FIFA Soccer 08(PC),PC
2013,7.6,0.02,DuckTales: Remastered(PC),PC
2004,8.3,0.02,Evil Genius(PC),PC
2008,7.5,0.02,Imperium Romanum(PC),PC
2013,7.7,0.01,Contrast(PC),PC
2008,6.5,0.01,Turok(PC),PC
2016,6.2,0.01,Valentino Rossi: The Game(PC),PC
2011,6.8,0.01,Sengoku(PC),PC
2007,6.6,0.01,Ship Simulator 2008(PC),PC
2016,6.3,0.01,NBA 2K17(PC),PC
2010,7.9,0.01,Rise of Flight: Iron Cross Edition(PC),PC
2006,8.5,0.01,Guild Wars: Factions(PC),PC
2005,8.1,0.01,Codename: Panzers Phase Two(PC),PC
2009,8.3,0.01,The Last Remnant(PC),PC
2006,7.8,0.01,Call of Juarez(PC),PC
2002,8.2,0.01,Unreal Tournament 2003(PC),PC
2007,8.8,0.01,Neverwinter Nights 2: Mask of the Betrayer(PC),PC
2006,7.6,0.01,Rayman Raving Rabbids(PC),PC
2015,7.7,0.01,War for the Overworld(PC),PC
2002,8.4,0.01,Grand Theft Auto III(PC),PC
2016,6.8,0.01,The Technomancer(PC),PC
2009,3.1,0.01,Football Manager Live(PC),PC
2002,8,0.01,Impossible Creatures(PC),PC
2005,7,0.01,Serious Sam II(PC),PC
2001,8.8,0.01,IL-2 Sturmovik(PC),PC
2007,6.2,0.01,Theatre Of War(PC),PC
2007,7.4,0.01,Virtua Tennis 3(PC),PC
2016,7.3,0.01,Sherlock Holmes: The Devil's Daughter(PC),PC
2009,7,0.01,BattleForge(PC),PC
2007,6.9,0.01,Rail Simulator(PC),PC
2007,5.3,0.01,Spider-Man: Friend or Foe(PC),PC
2010,8.7,0.01,BlazBlue: Calamity Trigger(PC),PC
2002,8.4,0.01,Harry Potter and the Chamber of Secrets(PC),PC
2006,8,0.01,Marvel: Ultimate Alliance(PC),PC
2016,7.1,0.01,Battle Worlds: Kronos(PC),PC
2007,7.3,0.01,F.E.A.R. Perseus Mandate(PC),PC
2000,9.3,0.01,Deus Ex(PC),PC
2004,4.5,0.01,Tiger Woods PGA Tour 2005(PC),PC
2007,7.6,0.01,TimeShift(PC),PC
2009,8,0.01,The Chronicles of Riddick: Assault on Dark Athena(PC),PC
2008,4.8,0.01,Conflict: Denied Ops(PC),PC
2008,7.7,0.01,FlatOut: Ultimate Carnage(PC),PC
2007,7.3,0.01,Battlestations: Midway(PC),PC
2016,7.1,0.01,Cities: Skylines Snowfall(PC),PC
2007,5.8,0.01,Monster Jam(PC),PC
2015,7.1,0.01,Act of Aggression(PC),PC
2015,8.3,0.01,Fallout Anthology(PC),PC
2016,6.8,0.01,TrackMania Turbo(PC),PC
2007,5,0.01,Juiced 2: Hot Import Nights(PC),PC
2016,7.9,0.01,Ride 2(PC),PC
2004,7.2,0.01,Colin McRae Rally 04(PC),PC
2015,1.4,0.01,Rugby World Cup 2015(PC),PC
2002,8.3,0.01,Icewind Dale II(PC),PC
2009,6.9,0.01,Pro Evolution Soccer 2010(PC),PC
2008,5.7,0.01,Alone in the Dark(PC),PC
2007,7.5,0.01,Clive Barker's Jericho(PC),PC
1997,7.5,0.01,Grand Prix Legends(PC),PC
2008,8,0.01,Madagascar: Escape 2 Africa(PC),PC
2007,7.6,0.01,Sega Rally Revo(PC),PC
2009,8.6,0.01,King's Bounty: Armored Princess(PC),PC
2012,7.9,0.01,Transformers: Fall of Cybertron(PC),PC
2003,8.7,0.01,Legacy of Kain: Defiance(PC),PC
2009,8.2,0.01,Trine(PC),PC
2006,7.5,0.01,Deal or No Deal(PC),PC
2007,3.8,0.01,Hospital Tycoon(PC),PC
2006,8,0.01,Bookworm Deluxe(PC),PC
1997,8.1,0.01,Worms 2(PC),PC
2014,7.6,0.01,Metal Gear Solid V: Ground Zeroes(PC),PC
2011,5.8,0.01,Breach(PC),PC
2011,7.2,0.01,STORM: Frontline Nation(PC),PC
2009,5.8,0.01,15 Days(PC),PC
